elapsed_ms,cpu_pct,workers_active,queue_io,queue_cpu,queue_total
1,10,1,0,0,0
11,10,1,0,0,0
21,20,2,0,0,0
32,20,2,0,0,0
42,30,3,0,0,0
52,30,3,0,0,0
62,40,4,0,0,0
73,40,4,0,0,0
83,50,5,0,0,0
93,50,5,0,0,0
103,60,6,0,0,0
114,60,6,0,0,0
124,70,7,0,0,0
134,70,7,0,0,0
144,80,8,0,0,0
154,80,8,0,0,0
164,80,8,0,1,1
175,80,8,0,1,1
185,80,8,1,1,2
195,80,8,1,1,2
205,70,7,2,1,3
215,70,7,2,1,3
225,95,7,3,0,3
236,95,7,3,0,3
246,95,7,3,0,3
256,95,7,3,0,3
266,95,7,3,0,3
276,95,7,3,0,3
286,95,7,3,0,3
296,95,7,3,0,3
307,95,7,3,0,3
317,95,7,3,0,3
327,95,7,2,1,3
337,95,7,2,1,3
347,85,6,2,2,4
357,85,6,2,2,4
368,85,6,2,3,5
378,85,6,2,3,5
388,85,6,3,3,6
398,85,6,3,3,6
408,85,6,4,3,7
418,85,6,4,3,7
429,85,6,5,2,7
439,85,6,5,2,7
449,75,5,6,2,8
459,75,5,6,2,8
469,100,5,7,1,8
479,100,5,7,1,8
490,100,5,7,1,8
500,100,5,7,1,8
510,100,5,7,1,8
520,100,5,7,1,8
530,100,5,7,1,8
540,100,5,7,1,8
550,100,5,8,1,9
561,100,5,8,1,9
571,100,5,9,1,10
581,100,5,9,1,10
591,100,5,10,1,11
601,100,5,10,1,11
612,100,5,10,2,12
622,100,5,10,1,11
632,100,5,11,1,12
642,100,5,11,1,12
652,100,5,12,1,13
662,95,7,9,1,10
673,95,7,10,1,11
683,95,7,9,1,10
693,95,7,10,1,11
703,95,7,9,1,10
713,95,7,10,1,11
723,95,7,9,1,10
733,95,7,10,1,11
744,95,7,10,2,12
754,95,7,10,2,12
765,95,7,11,2,13
775,95,7,11,2,13
785,95,7,12,2,14
796,95,7,12,2,14
806,95,7,12,3,15
816,95,7,12,3,15
827,95,7,13,2,15
837,95,7,13,2,15
848,95,7,13,3,16
858,95,7,13,3,16
868,100,5,14,2,16
878,100,5,14,2,16
888,100,5,14,2,16
899,100,5,14,2,16
909,100,5,13,3,16
919,100,5,13,3,16
929,100,5,13,3,16
940,100,5,13,3,16
950,100,5,14,3,17
960,100,5,14,3,17
970,100,5,15,3,18
980,100,5,15,3,18
991,100,5,16,3,19
1001,100,5,16,3,19
1011,100,5,17,3,20
1021,100,5,17,3,20
1031,100,5,17,3,20
1042,100,5,17,3,20
1052,100,5,18,3,21
1062,75,5,17,3,20
1072,75,5,17,4,21
1082,100,5,17,3,20
1092,100,5,17,4,21
1102,100,5,16,4,20
1113,100,5,16,5,21
1123,100,5,15,5,20
1133,100,5,16,5,21
1143,100,5,16,5,21
1153,100,5,17,5,22
1163,100,5,17,5,22
1174,100,5,18,5,23
1184,100,5,18,5,23
1194,100,5,19,5,24
1204,100,5,19,5,24
1215,100,5,20,5,25
1225,100,5,20,4,24
1236,100,5,21,4,25
1252,100,5,22,4,26
1264,100,5,22,4,26
1275,100,5,22,4,26
1285,100,5,22,3,25
1295,100,5,23,3,26
1305,100,5,22,3,25
1316,100,5,23,3,26
1326,100,5,22,3,25
1337,100,5,23,3,26
1347,100,5,23,3,26
1357,100,5,24,3,27
1367,100,5,24,3,27
1379,100,5,25,3,28
1389,100,5,25,3,28
1399,100,5,26,3,29
1409,100,5,26,3,29
1419,100,5,27,3,30
1430,95,7,24,3,27
1440,95,7,25,3,28
1450,95,7,25,3,28
1460,95,7,25,4,29
1470,95,7,24,4,28
1480,95,7,25,4,29
1491,95,7,25,3,28
1501,95,7,26,3,29
1511,95,7,25,3,28
1521,95,7,26,3,29
1531,95,7,25,3,28
1541,95,7,26,3,29
1551,95,7,26,3,29
1562,95,7,27,3,30
1572,95,7,27,3,30
1582,95,7,27,4,31
1592,95,7,27,4,31
1602,95,7,28,4,32
1612,95,7,28,4,32
1623,100,5,28,4,32
1633,100,5,29,4,33
1643,100,5,29,4,33
1653,100,5,30,4,34
1663,100,5,30,4,34
1673,100,5,30,4,34
1684,95,7,27,4,31
1694,95,7,28,4,32
1704,95,7,27,4,31
1714,95,7,27,5,32
1724,85,6,27,5,32
1734,85,6,27,6,33
1744,85,6,27,6,33
1755,85,6,28,6,34
1765,85,6,28,6,34
1775,85,6,28,7,35
1785,85,6,28,7,35
1795,85,6,28,8,36
1806,85,6,28,8,36
1816,85,6,28,9,37
1826,85,6,28,8,36
1836,85,6,29,8,37
1848,85,6,29,8,37
1858,85,6,30,8,38
1868,75,5,30,8,38
1878,75,5,31,8,39
1889,100,5,29,7,36
1899,100,5,30,7,37
1910,100,5,29,7,36
1920,100,5,30,7,37
1931,100,5,30,7,37
1941,100,5,31,7,38
1951,100,5,31,7,38
1961,100,5,31,8,39
1971,100,5,31,8,39
1982,100,5,32,8,40
1992,100,5,32,8,40
2002,100,5,33,8,41
2012,100,5,33,8,41
2023,100,5,34,7,41
2033,100,5,34,7,41
2043,100,5,35,7,42
2053,100,5,35,7,42
2064,100,5,36,7,43
2074,100,5,36,7,43
2084,100,5,35,6,41
2095,100,5,35,6,41
2105,100,5,34,7,41
2115,100,5,34,7,41
2126,100,5,35,7,42
2137,100,5,35,8,43
2147,100,5,35,8,43
2158,100,5,36,8,44
2169,100,5,36,8,44
2180,100,5,37,8,45
2191,100,5,37,8,45
2201,100,5,38,8,46
2211,100,5,38,8,46
2222,100,5,39,8,47
2232,100,5,39,7,46
2242,100,5,39,8,47
2253,100,5,39,8,47
2264,100,5,39,9,48
2274,100,5,39,9,48
2284,100,5,38,8,46
2295,100,5,38,8,46
2305,100,5,38,8,46
2315,100,5,38,8,46
2326,100,5,39,8,47
2336,100,5,39,8,47
2346,100,5,40,8,48
2356,100,5,40,8,48
2366,100,5,40,9,49
2376,100,5,40,9,49
2387,100,5,40,10,50
2397,100,5,40,10,50
2407,100,5,41,10,51
2417,100,5,41,10,51
2427,100,5,42,9,51
2437,100,5,42,9,51
2448,100,5,43,9,52
2458,100,5,43,9,52
2468,100,5,44,9,53
2478,100,5,44,9,53
2489,100,5,42,9,51
2499,100,5,42,9,51
2509,100,5,42,9,51
2519,100,5,42,9,51
2530,100,5,43,9,52
2540,100,5,43,9,52
2550,100,5,44,9,53
2560,100,5,44,9,53
2570,100,5,45,9,54
2580,100,5,45,9,54
2591,100,5,46,9,55
2601,100,5,47,9,56
2611,100,5,47,9,56
2621,100,5,47,10,57
2631,100,5,47,9,56
2641,100,5,48,9,57
2652,100,5,48,9,57
2662,100,5,49,9,58
2672,100,5,49,9,58
2682,100,5,49,10,59
2692,100,5,47,9,56
2702,100,5,47,10,57
2713,100,5,46,10,56
2723,100,5,47,10,57
2733,100,5,47,10,57
2743,100,5,47,11,58
2753,100,5,47,11,58
2763,100,5,48,11,59
2773,100,5,48,11,59
2784,100,5,49,11,60
2794,100,5,49,11,60
2804,100,5,49,12,61
2814,100,5,49,12,61
2824,100,5,50,11,61
2834,100,5,50,11,61
2845,100,5,50,12,62
2855,100,5,50,12,62
2865,100,5,51,12,63
2875,100,5,51,12,63
2885,100,5,50,11,61
2895,100,5,50,11,61
2906,100,5,49,12,61
2916,100,5,49,12,61
2926,100,5,50,12,62
2936,100,5,50,12,62
2946,100,5,51,12,63
2957,100,5,51,12,63
2967,100,5,51,13,64
2977,100,5,51,13,64
2987,100,5,52,13,65
2997,100,5,52,13,65
3007,100,5,53,13,66
3018,100,5,53,13,66
3028,100,5,54,12,66
3038,100,5,54,12,66
3048,100,5,55,12,67
3058,100,5,55,12,67
3068,100,5,56,12,68
3079,100,5,56,12,68
3089,100,5,55,11,66
3099,100,5,55,11,66
3109,100,5,55,11,66
3119,100,5,55,11,66
3129,100,5,56,11,67
3140,100,5,56,11,67
3150,100,5,57,11,68
3160,100,5,57,11,68
3170,100,5,58,11,69
3180,100,5,58,11,69
3190,100,5,59,11,70
3201,100,5,59,11,70
3211,100,5,59,12,71
3221,100,5,59,12,71
3231,100,5,60,11,71
3241,100,5,60,11,71
3252,100,5,61,11,72
3262,100,5,61,11,72
3272,100,5,62,11,73
3282,100,5,62,11,73
3292,100,5,61,10,71
3302,100,5,61,10,71
3313,100,5,61,10,71
3323,100,5,61,10,71
3333,100,5,62,10,72
3343,100,5,62,10,72
3353,100,5,62,11,73
3363,100,5,62,11,73
3373,100,5,63,11,74
3385,100,5,63,11,74
3396,100,5,64,11,75
3406,100,5,65,11,76
3417,100,5,65,11,76
3428,100,5,66,10,76
3438,100,5,66,10,76
3448,100,5,67,10,77
3459,100,5,67,10,77
3469,100,5,68,10,78
3479,100,5,68,10,78
3489,95,7,64,10,74
3499,95,7,64,10,74
3509,95,7,64,10,74
3520,95,7,64,10,74
3530,95,7,65,10,75
3540,95,7,65,10,75
3550,95,7,66,10,76
3561,95,7,66,10,76
3571,95,7,67,10,77
3581,95,7,67,10,77
3591,95,7,67,11,78
3601,95,7,67,11,78
3611,95,7,68,11,79
3622,95,7,68,11,79
3632,95,7,69,10,79
3642,95,7,69,10,79
3652,95,7,70,10,80
3662,95,7,70,10,80
3672,95,7,71,10,81
3683,95,7,71,10,81
3693,95,7,66,11,77
3704,95,7,66,11,77
3716,95,7,66,11,77
3728,95,7,66,11,77
3740,95,7,67,11,78
3752,95,7,68,11,79
3764,95,7,68,11,79
3775,95,7,69,11,80
3785,95,7,69,11,80
3795,95,7,70,11,81
3806,95,7,70,11,81
3816,95,7,71,11,82
3826,95,7,71,11,82
3836,95,7,72,10,82
3847,95,7,72,10,82
3857,95,7,73,10,83
3867,95,7,73,10,83
3877,95,7,74,10,84
3888,95,7,69,10,79
3898,95,7,70,10,80
3908,95,7,70,10,80
3919,95,7,70,10,80
3929,95,7,70,10,80
3939,95,7,71,10,81
3949,95,7,71,10,81
3959,95,7,72,10,82
3970,95,7,72,10,82
3980,95,7,72,11,83
3990,95,7,72,11,83
4000,95,7,73,11,84
4010,95,7,73,11,84
4020,95,7,74,11,85
4031,95,7,74,10,84
4041,95,7,74,11,85
4051,95,7,74,11,85
4061,95,7,75,11,86
4071,95,7,75,11,86
4081,95,7,76,11,87
4092,95,7,71,11,82
4102,95,7,72,11,83
4112,95,7,71,11,82
4122,95,7,72,11,83
4132,95,7,72,11,83
4142,95,7,73,11,84
4153,95,7,73,11,84
4163,95,7,74,11,85
4173,95,7,74,11,85
4183,95,7,75,11,86
4193,95,7,75,11,86
4203,95,7,76,11,87
4214,95,7,76,11,87
4224,95,7,77,11,88
4234,95,7,77,10,87
4244,95,7,77,11,88
4254,95,7,77,11,88
4265,95,7,78,11,89
4275,95,7,78,11,89
4285,95,7,79,11,90
4295,95,7,74,11,85
4305,95,7,75,11,86
4315,95,7,74,11,85
4326,95,7,75,11,86
4336,95,7,75,11,86
4346,95,7,76,11,87
4356,95,7,76,11,87
4366,95,7,76,12,88
4377,95,7,76,12,88
4387,95,7,77,12,89
4398,95,7,77,12,89
4409,95,7,78,12,90
4420,95,7,78,13,91
4430,95,7,78,12,90
4440,95,7,79,12,91
4450,95,7,79,12,91
4461,95,7,80,12,92
4471,95,7,80,12,92
4481,95,7,81,12,93
4491,95,7,76,12,88
4501,95,7,77,12,89
4511,95,7,76,12,88
4521,95,7,77,12,89
4535,95,7,77,12,89
4545,95,7,78,12,90
4556,95,7,78,12,90
4568,95,7,79,12,91
4580,95,7,79,12,91
4592,95,7,80,12,92
4602,95,7,80,12,92
4613,95,7,80,13,93
4623,95,7,80,13,93
4634,95,7,81,12,93
4644,95,7,81,12,93
4655,95,7,82,12,94
4667,95,7,82,12,94
4678,95,7,82,13,95
4689,95,7,80,13,93
4699,95,7,78,13,91
4709,95,7,79,13,92
4724,95,7,78,13,91
4734,95,7,79,13,92
4744,95,7,79,13,92
4754,95,7,79,14,93
4765,95,7,79,14,93
4775,95,7,80,14,94
4785,95,7,80,14,94
4796,95,7,80,15,95
4806,95,7,80,15,95
4816,95,7,81,15,96
4826,95,7,81,15,96
4836,95,7,82,14,96
4847,95,7,82,14,96
4857,95,7,83,14,97
4867,95,7,83,14,97
4877,95,7,84,14,98
4887,95,7,84,14,98
4897,100,5,83,13,96
4907,100,5,83,13,96
4918,100,5,83,13,96
4928,100,5,83,13,96
4938,100,5,84,13,97
4948,100,5,84,13,97
4958,100,5,84,14,98
4969,100,5,84,14,98
4979,100,5,85,14,99
4989,100,5,85,14,99
4999,100,5,86,14,100
5009,100,5,86,14,100
5019,100,5,87,14,101
5030,100,5,87,14,101
5040,95,7,84,15,99
5050,95,7,84,15,99
5060,95,7,85,15,100
5070,95,7,85,15,100
5080,95,7,86,15,101
5091,95,7,84,14,98
5101,95,7,84,15,99
5111,85,6,84,15,99
5121,85,6,85,15,100
5131,85,6,85,15,100
5141,85,6,86,15,101
5151,85,6,86,15,101
5162,85,6,87,15,102
5172,85,6,87,15,102
5182,85,6,87,16,103
5192,85,6,87,16,103
5202,85,6,88,16,104
5212,85,6,88,16,104
5223,85,6,89,16,105
5233,85,6,89,16,105
5243,100,5,88,16,104
5253,100,5,88,16,104
5263,100,5,88,17,105
5273,100,5,88,17,105
5284,100,5,89,17,106
5294,100,5,87,16,103
5304,100,5,88,16,104
5314,100,5,88,16,104
5324,100,5,89,16,105
5334,100,5,89,16,105
5345,100,5,90,16,106
5355,100,5,90,16,106
5365,100,5,91,16,107
5375,100,5,91,16,107
5385,100,5,92,16,108
5395,100,5,92,16,108
5406,100,5,93,16,109
5416,100,5,93,16,109
5426,100,5,94,16,110
5436,100,5,93,15,108
5447,100,5,93,16,109
5457,100,5,94,16,110
5467,100,5,94,16,110
5477,100,5,95,16,111
5487,100,5,95,16,111
5497,100,5,94,15,109
5507,100,5,94,15,109
5518,100,5,95,15,110
5528,100,5,95,15,110
5538,100,5,96,15,111
5548,100,5,96,15,111
5558,100,5,97,15,112
5568,100,5,97,15,112
5579,100,5,98,15,113
5589,100,5,98,15,113
5599,100,5,99,15,114
5609,100,5,99,15,114
5619,100,5,100,15,115
5630,100,5,100,15,115
5640,95,7,97,15,112
5650,95,7,97,15,112
5660,95,7,97,16,113
5670,95,7,97,16,113
5680,95,7,97,17,114
5690,95,7,95,16,111
5701,95,7,96,16,112
5711,95,7,96,16,112
5721,95,7,97,16,113
5731,95,7,97,16,113
5741,95,7,98,16,114
5751,95,7,98,16,114
5762,95,7,99,16,115
5772,95,7,99,16,115
5782,95,7,99,17,116
5792,95,7,99,17,116
5802,95,7,100,17,117
5812,95,7,100,17,117
5823,95,7,100,18,118
5833,95,7,100,18,118
5843,100,5,99,18,117
5853,100,5,99,18,117
5863,100,5,100,18,118
5873,100,5,100,18,118
5884,100,5,101,18,119
5894,100,5,99,17,116
5904,100,5,100,17,117
5914,100,5,100,17,117
5924,100,5,101,17,118
5934,100,5,101,17,118
5945,100,5,102,17,119
5955,100,5,102,17,119
5965,100,5,102,18,120
5975,100,5,102,18,120
5985,100,5,103,18,121
5995,100,5,103,18,121
6006,100,5,104,18,122
6016,100,5,104,18,122
6026,100,5,105,18,123
6036,100,5,104,17,121
6046,100,5,104,18,122
6056,100,5,104,18,122
6066,100,5,104,19,123
6077,100,5,104,19,123
6087,100,5,105,19,124
6097,100,5,103,18,121
6107,100,5,104,18,122
6117,100,5,104,18,122
6127,100,5,105,18,123
6138,100,5,105,18,123
6148,100,5,106,18,124
6158,100,5,106,18,124
6168,100,5,107,18,125
6178,100,5,107,18,125
6188,100,5,108,18,126
6199,100,5,108,18,126
6209,100,5,109,18,127
6219,100,5,109,18,127
6229,100,5,110,18,128
6239,85,6,107,18,125
6249,95,7,107,18,125
6259,95,7,107,18,125
6270,95,7,108,18,126
6280,95,7,108,18,126
6290,85,6,107,18,125
6300,85,6,107,18,125
6310,95,7,107,18,125
6320,95,7,107,18,125
6331,95,7,108,18,126
6341,95,7,109,18,127
6351,95,7,109,18,127
6361,95,7,110,18,128
6371,95,7,110,18,128
6381,95,7,111,18,129
6392,95,7,111,18,129
6402,95,7,112,18,130
6412,95,7,112,18,130
6422,95,7,113,18,131
6432,95,7,113,18,131
6442,95,7,110,18,128
6453,95,7,110,18,128
6463,95,7,110,19,129
6473,95,7,110,19,129
6483,95,7,111,19,130
6493,95,7,110,18,128
6503,95,7,110,18,128
6513,95,7,110,18,128
6524,95,7,111,18,129
6534,95,7,111,18,129
6544,95,7,111,19,130
6554,95,7,111,19,130
6564,95,7,111,20,131
6574,95,7,111,20,131
6585,95,7,112,20,132
6595,95,7,112,20,132
6605,95,7,113,20,133
6615,95,7,113,20,133
6625,95,7,114,20,134
6635,100,5,114,19,133
6645,100,5,113,20,133
6656,100,5,113,20,133
6666,100,5,114,20,134
6676,100,5,114,20,134
6686,100,5,115,20,135
6696,100,5,114,19,133
6706,100,5,113,20,133
6717,100,5,113,20,133
6727,100,5,114,20,134
6737,100,5,114,20,134
6747,100,5,115,20,135
6757,100,5,115,20,135
6767,100,5,116,20,136
6778,100,5,116,20,136
6788,100,5,116,21,137
6798,100,5,116,21,137
6808,100,5,117,21,138
6818,100,5,117,21,138
6829,100,5,118,21,139
6839,100,5,118,20,138
6849,100,5,118,20,138
6859,100,5,118,20,138
6869,100,5,119,20,139
6879,100,5,119,20,139
6890,100,5,120,20,140
6900,100,5,119,19,138
6910,100,5,118,20,138
6920,100,5,118,20,138
6930,100,5,119,20,139
6940,100,5,119,20,139
6951,100,5,120,20,140
6961,100,5,120,20,140
6971,100,5,121,20,141
6981,100,5,121,20,141
6991,100,5,122,20,142
7001,100,5,122,20,142
7012,100,5,122,21,143
7022,100,5,122,21,143
7032,100,5,123,21,144
7042,100,5,122,20,142
7052,100,5,123,20,143
7062,100,5,123,20,143
7073,100,5,124,20,144
7083,100,5,124,20,144
7093,95,7,121,20,141
7103,95,7,120,20,140
7113,95,7,121,20,141
7123,95,7,121,20,141
7134,95,7,122,20,142
7144,95,7,122,20,142
7154,95,7,123,20,143
7164,95,7,123,20,143
7174,95,7,124,20,144
7184,95,7,125,20,145
7195,95,7,125,20,145
7212,95,7,125,21,146
7223,95,7,125,21,146
7234,95,7,126,21,147
7244,95,7,126,20,146
7254,95,7,126,20,146
7264,95,7,126,20,146
7274,95,7,127,20,147
7284,95,7,127,20,147
7295,95,7,124,20,144
7305,95,7,123,20,143
7315,95,7,124,20,144
7325,95,7,124,20,144
7335,95,7,125,20,145
7345,95,7,125,20,145
7356,95,7,126,20,146
7366,95,7,126,20,146
7376,95,7,127,20,147
7386,95,7,127,20,147
7396,95,7,127,21,148
7406,95,7,127,21,148
7417,95,7,128,21,149
7427,95,7,128,21,149
7437,95,7,129,21,150
7447,95,7,129,20,149
7457,95,7,129,20,149
7467,95,7,129,20,149
7478,95,7,129,21,150
7488,95,7,129,21,150
7498,95,7,126,21,147
7508,95,7,125,21,146
7518,95,7,125,22,147
7528,95,7,125,22,147
7538,95,7,125,23,148
7549,95,7,125,23,148
7559,95,7,126,23,149
7569,95,7,126,23,149
7579,95,7,126,24,150
7589,95,7,126,24,150
7600,95,7,127,24,151
7610,95,7,127,24,151
7620,95,7,128,24,152
7630,95,7,128,24,152
7640,95,7,128,24,152
7651,85,6,128,24,152
7661,85,6,129,24,153
7671,85,6,129,24,153
7681,85,6,130,24,154
7691,100,5,129,23,152
7701,100,5,128,23,151
7712,100,5,129,23,152
7722,100,5,129,23,152
7732,100,5,129,24,153
7742,100,5,129,24,153
7752,100,5,130,24,154
7762,100,5,130,24,154
7773,100,5,131,24,155
7783,100,5,131,24,155
7793,100,5,132,24,156
7803,100,5,132,24,156
7813,100,5,133,24,157
7823,100,5,133,24,157
7834,100,5,134,24,158
7844,100,5,134,23,157
7854,100,5,134,24,158
7864,100,5,134,24,158
7874,100,5,135,24,159
7884,100,5,135,24,159
7894,100,5,134,23,157
7905,100,5,133,23,156
7915,100,5,134,23,157
7925,100,5,134,23,157
7935,100,5,134,24,158
7945,100,5,134,24,158
7956,100,5,135,24,159
7966,100,5,135,24,159
7976,100,5,136,24,160
7986,100,5,136,24,160
7996,100,5,137,24,161
8006,100,5,137,24,161
8017,100,5,138,24,162
8027,100,5,138,24,162
8037,100,5,139,24,163
8047,100,5,139,23,162
8057,100,5,140,23,163
8067,100,5,140,23,163
8077,100,5,141,23,164
8088,100,5,141,23,164
8098,95,7,137,23,160
8108,85,6,137,23,160
8118,95,7,137,23,160
8128,95,7,137,23,160
8138,95,7,138,23,161
8149,95,7,138,23,161
8159,95,7,139,23,162
8169,95,7,139,23,162
8179,95,7,140,23,163
8189,95,7,140,23,163
8199,95,7,141,23,164
8210,95,7,141,23,164
8220,95,7,142,23,165
8230,95,7,142,23,165
8240,95,7,142,23,165
8250,95,7,142,23,165
8260,95,7,143,23,166
8271,95,7,143,23,166
8281,95,7,144,23,167
8291,95,7,144,23,167
8301,95,7,140,23,163
8311,95,7,140,23,163
8321,95,7,140,23,163
8332,95,7,140,23,163
8342,95,7,141,23,164
8352,95,7,141,23,164
8362,95,7,142,23,165
8372,95,7,142,23,165
8382,95,7,143,23,166
8393,95,7,143,23,166
8403,95,7,144,23,167
8413,95,7,144,23,167
8423,95,7,145,23,168
8433,95,7,145,23,168
8444,95,7,146,22,168
8454,95,7,146,22,168
8464,95,7,147,22,169
8474,95,7,147,22,169
8484,95,7,148,22,170
8494,95,7,144,22,166
8505,95,7,144,22,166
8515,95,7,143,23,166
8525,95,7,143,23,166
8535,95,7,143,24,167
8545,95,7,143,24,167
8555,95,7,144,24,168
8566,95,7,144,24,168
8576,95,7,145,24,169
8586,95,7,145,24,169
8596,95,7,145,25,170
8606,95,7,145,25,170
8616,95,7,146,25,171
8626,95,7,146,25,171
8637,95,7,147,25,172
8647,95,7,147,24,171
8657,95,7,148,24,172
8667,95,7,148,24,172
8677,95,7,149,24,173
8688,95,7,149,24,173
8698,95,7,145,24,169
8709,95,7,145,24,169
8719,95,7,144,25,169
8729,95,7,144,25,169
8740,95,7,145,25,170
8750,95,7,145,25,170
8760,95,7,146,25,171
8770,95,7,146,25,171
8780,95,7,146,26,172
8790,95,7,146,26,172
8801,95,7,146,27,173
8811,95,7,146,27,173
8821,95,7,146,28,174
8831,95,7,146,28,174
8841,95,7,147,27,174
8851,95,7,147,27,174
8862,95,7,148,27,175
8872,95,7,148,27,175
8882,95,7,149,27,176
8892,100,5,148,26,174
8902,100,5,148,26,174
8912,100,5,148,26,174
8923,100,5,148,26,174
8933,100,5,148,26,174
8943,100,5,149,26,175
8953,100,5,149,26,175
8963,100,5,150,26,176
8974,100,5,150,26,176
8984,100,5,151,26,177
8994,100,5,151,26,177
9004,100,5,152,26,178
9014,100,5,152,26,178
9024,100,5,153,26,179
9035,100,5,153,26,179
9045,100,5,154,25,179
9055,100,5,154,25,179
9065,100,5,154,26,180
9075,100,5,154,26,180
9085,100,5,155,26,181
9096,100,5,153,25,178
9106,100,5,154,25,179
9116,100,5,153,25,178
9126,100,5,154,25,179
9136,100,5,154,25,179
9146,100,5,154,26,180
9157,100,5,154,26,180
9167,100,5,155,26,181
9177,100,5,155,26,181
9187,100,5,156,26,182
9197,100,5,156,26,182
9207,100,5,157,26,183
9218,100,5,158,26,184
9228,100,5,158,26,184
9238,100,5,158,27,185
9248,100,5,158,26,184
9258,100,5,159,26,185
9269,100,5,159,26,185
9279,100,5,159,27,186
9289,100,5,159,27,186
9300,100,5,158,26,184
9310,100,5,158,26,184
9320,100,5,158,26,184
9330,100,5,158,26,184
9341,100,5,159,26,185
9351,100,5,159,26,185
9361,100,5,159,27,186
9371,100,5,159,27,186
9381,100,5,160,27,187
9392,100,5,160,27,187
9402,100,5,161,27,188
9412,100,5,161,27,188
9422,100,5,162,27,189
9432,100,5,162,27,189
9443,85,6,161,27,188
9453,85,6,161,27,188
9463,85,6,161,28,189
9475,85,6,161,28,189
9485,85,6,162,28,190
9495,75,5,161,27,188
9506,85,6,161,27,188
9516,75,5,161,27,188
9526,85,6,161,27,188
9536,85,6,161,27,188
9546,85,6,161,28,189
9556,85,6,161,28,189
9567,85,6,162,28,190
9577,85,6,162,28,190
9587,85,6,163,28,191
9597,85,6,163,28,191
9607,85,6,164,28,192
9618,85,6,164,28,192
9628,85,6,165,28,193
9638,85,6,165,28,193
9648,100,5,165,28,193
9658,100,5,165,28,193
9669,100,5,166,28,194
9679,100,5,166,28,194
9689,100,5,167,28,195
9699,100,5,165,27,192
9709,100,5,166,27,193
9719,100,5,165,27,192
9730,100,5,166,27,193
9740,100,5,166,27,193
9750,100,5,167,27,194
9760,100,5,168,27,195
9770,100,5,168,27,195
9781,100,5,168,28,196
9791,100,5,168,28,196
9801,100,5,169,28,197
9811,100,5,169,28,197
9821,100,5,170,28,198
9832,100,5,170,28,198
9842,95,7,168,28,196
9852,95,7,168,28,196
9863,95,7,168,29,197
9873,95,7,168,29,197
9883,95,7,169,29,198
9893,95,7,169,29,198
9903,95,7,167,29,196
9914,95,7,167,29,196
9924,85,6,168,29,197
9934,85,6,168,29,197
9944,85,6,169,29,198
9954,85,6,169,29,198
9964,85,6,170,29,199
9975,85,6,170,29,199
9985,85,6,170,30,200
9995,85,6,170,30,200
10005,85,6,170,31,201
10015,85,6,170,31,201
10026,85,6,170,32,202
10036,85,6,170,32,202
10046,100,5,170,31,201
10057,100,5,170,31,201
10067,100,5,171,31,202
10077,100,5,171,31,202
10087,100,5,172,31,203
10098,100,5,171,30,201
10108,100,5,171,30,201
10118,100,5,171,30,201
10128,100,5,172,30,202
10138,100,5,172,30,202
10149,100,5,173,30,203
10159,100,5,173,30,203
10169,100,5,174,30,204
10179,100,5,174,30,204
10189,100,5,175,30,205
10199,100,5,175,30,205
10210,100,5,176,30,206
10220,100,5,176,30,206
10231,100,5,177,30,207
10241,90,4,177,29,206
10259,100,5,177,29,206
10270,100,5,178,29,207
10280,100,5,178,29,207
10290,100,5,179,29,208
10300,95,7,174,29,203
10311,95,7,175,29,204
10321,95,7,175,29,204
10331,95,7,176,29,205
10341,95,7,176,29,205
10352,95,7,177,29,206
10362,95,7,177,29,206
10372,95,7,178,29,207
10382,95,7,178,29,207
10392,95,7,179,29,208
10402,95,7,179,29,208
10413,95,7,180,29,209
10423,95,7,180,29,209
10433,95,7,181,29,210
10443,95,7,180,28,208
10453,95,7,181,28,209
10464,95,7,182,28,210
10474,95,7,182,28,210
10484,95,7,183,28,211
10494,95,7,179,28,207
10504,95,7,179,28,207
10514,95,7,179,28,207
10525,95,7,179,29,208
10535,95,7,179,29,208
10545,95,7,179,30,209
10555,95,7,179,30,209
10565,95,7,179,31,210
10575,95,7,179,31,210
10586,95,7,180,31,211
10596,95,7,180,31,211
10606,95,7,181,31,212
10616,95,7,181,31,212
10626,95,7,182,31,213
10636,95,7,182,31,213
10646,95,7,182,30,212
10657,95,7,182,30,212
10667,95,7,182,31,213
10677,95,7,182,31,213
10687,95,7,183,31,214
10697,100,5,182,30,212
10707,100,5,182,30,212
10718,100,5,182,30,212
10728,100,5,183,30,213
10738,100,5,183,30,213
10748,100,5,184,30,214
10758,100,5,184,30,214
10769,100,5,185,30,215
10779,100,5,185,30,215
10789,100,5,186,30,216
10799,100,5,186,30,216
10809,100,5,187,30,217
10819,100,5,187,30,217
10830,100,5,188,30,218
10840,95,7,185,30,215
10850,95,7,184,31,215
10860,95,7,184,31,215
10870,95,7,185,31,216
10880,95,7,185,31,216
10891,95,7,186,31,217
10901,95,7,184,30,214
10911,95,7,185,30,215
10921,95,7,185,30,215
10931,95,7,186,30,216
10941,95,7,186,30,216
10952,95,7,186,31,217
10962,95,7,186,31,217
10972,95,7,187,31,218
10982,95,7,187,31,218
10992,95,7,188,31,219
11004,95,7,188,31,219
11015,95,7,189,31,220
11026,95,7,189,31,220
11038,95,7,190,31,221
11048,95,7,186,32,218
11058,95,7,186,32,218
11069,95,7,186,33,219
11079,95,7,186,33,219
11089,95,7,187,33,220
11099,85,6,187,32,219
11109,75,5,187,33,220
11119,75,5,187,33,220
11130,75,5,188,33,221
11140,75,5,188,33,221
11150,75,5,189,33,222
11160,75,5,189,33,222
11170,75,5,190,33,223
11180,75,5,190,33,223
11191,75,5,190,34,224
11201,75,5,190,34,224
11211,75,5,191,34,225
11221,75,5,191,34,225
11231,75,5,191,35,226
11241,75,5,191,35,226
11252,100,5,189,34,223
11262,100,5,189,34,223
11273,100,5,190,34,224
11283,100,5,190,34,224
11293,100,5,191,34,225
11303,100,5,191,33,224
11313,100,5,191,34,225
11323,100,5,191,34,225
11334,100,5,192,34,226
11344,100,5,192,34,226
11354,100,5,193,34,227
11365,100,5,193,34,227
11376,100,5,194,34,228
11386,100,5,194,34,228
11396,100,5,194,35,229
11407,100,5,194,35,229
11418,100,5,195,35,230
11429,100,5,196,35,231
11439,100,5,196,35,231
11449,100,5,194,34,228
11459,100,5,194,34,228
11470,100,5,195,34,229
11480,100,5,195,34,229
11490,100,5,195,35,230
11502,100,5,195,34,229
11513,100,5,196,34,230
11523,100,5,196,34,230
11534,100,5,197,34,231
11544,100,5,197,34,231
11554,100,5,197,35,232
11564,100,5,197,35,232
11574,100,5,198,35,233
11585,100,5,198,35,233
11595,100,5,199,35,234
11605,100,5,199,35,234
11615,100,5,199,36,235
11625,100,5,199,36,235
11636,100,5,200,36,236
11646,100,5,197,35,232
11656,100,5,198,35,233
11666,100,5,198,35,233
11676,100,5,199,35,234
11686,100,5,199,35,234
11697,100,5,200,35,235
11707,100,5,200,34,234
11717,100,5,201,34,235
11727,100,5,201,34,235
11737,100,5,202,34,236
11748,100,5,202,34,236
11758,100,5,203,34,237
11768,100,5,203,34,237
11778,100,5,204,34,238
11791,100,5,205,34,239
11801,100,5,205,34,239
11811,100,5,206,34,240
11821,100,5,206,34,240
11831,100,5,207,34,241
11842,100,5,207,34,241
11852,85,6,203,34,237
11862,85,6,203,34,237
11872,95,7,203,34,237
11882,95,7,203,34,237
11892,95,7,204,34,238
11902,60,6,204,34,238
11913,95,7,205,33,238
11923,95,7,205,33,238
11933,95,7,205,34,239
11943,95,7,205,34,239
11953,95,7,206,34,240
11963,95,7,206,34,240
11974,95,7,207,34,241
11984,95,7,207,34,241
11994,95,7,208,34,242
12004,95,7,208,34,242
12014,95,7,209,34,243
12024,95,7,209,34,243
12035,95,7,209,35,244
12045,100,5,208,34,242
12055,100,5,208,34,242
12065,100,5,208,34,242
12075,100,5,208,34,242
12085,100,5,208,34,242
12096,100,5,208,35,243
12106,100,5,208,34,242
12116,100,5,209,34,243
12126,100,5,209,34,243
12136,100,5,210,34,244
12146,100,5,210,34,244
12157,100,5,211,34,245
12167,100,5,211,34,245
12177,100,5,212,34,246
12187,100,5,212,34,246
12197,100,5,213,34,247
12207,100,5,213,34,247
12218,100,5,214,34,248
12228,100,5,214,34,248
12238,100,5,215,34,249
12248,95,7,211,34,245
12258,95,7,211,34,245
12268,95,7,211,34,245
12279,95,7,211,34,245
12289,95,7,211,34,245
12299,95,7,212,34,246
12309,95,7,212,33,245
12319,95,7,213,33,246
12329,95,7,213,33,246
12340,95,7,214,33,247
12350,95,7,214,33,247
12360,95,7,214,34,248
12370,95,7,214,34,248
12380,95,7,215,34,249
12390,95,7,215,34,249
12401,95,7,215,35,250
12411,95,7,215,35,250
12421,95,7,215,36,251
12431,95,7,215,36,251
12441,95,7,215,37,252
12451,100,5,213,36,249
12461,100,5,214,36,250
12472,100,5,213,36,249
12482,100,5,213,37,250
12492,100,5,213,37,250
12503,100,5,214,37,251
12513,100,5,214,36,250
12523,100,5,214,37,251
12533,100,5,214,37,251
12544,100,5,215,37,252
12554,100,5,215,38,253
12564,100,5,215,38,253
12574,100,5,215,39,254
12584,100,5,215,39,254
12594,100,5,216,39,255
12605,100,5,216,39,255
12615,100,5,217,39,256
12625,100,5,217,39,256
12635,100,5,218,39,257
12645,100,5,217,38,255
12655,100,5,216,39,255
12665,100,5,216,39,255
12676,100,5,216,39,255
12686,100,5,216,39,255
12696,100,5,217,39,256
12706,100,5,217,38,255
12716,100,5,218,38,256
12726,100,5,218,38,256
12737,100,5,219,38,257
12747,100,5,219,38,257
12757,100,5,220,38,258
12767,100,5,220,38,258
12777,100,5,221,38,259
12787,100,5,221,38,259
12798,100,5,222,38,260
12808,100,5,222,38,260
12818,100,5,223,38,261
12828,100,5,223,38,261
12838,100,5,224,38,262
12848,100,5,223,37,260
12859,100,5,222,38,260
12869,100,5,222,38,260
12879,100,5,222,38,260
12889,100,5,222,38,260
12899,100,5,223,38,261
12909,100,5,223,37,260
12919,100,5,223,38,261
12930,100,5,223,38,261
12940,100,5,224,38,262
12950,100,5,224,38,262
12960,100,5,224,39,263
12970,100,5,224,39,263
12980,100,5,225,39,264
12991,100,5,225,39,264
13001,100,5,226,39,265
13011,100,5,226,39,265
13021,100,5,227,39,266
13031,100,5,227,39,266
13042,100,5,228,39,267
13052,100,5,226,38,264
13062,100,5,227,38,265
13072,100,5,226,38,264
13082,100,5,227,38,265
13092,100,5,227,38,265
13103,100,5,227,39,266
13113,100,5,227,38,265
13123,100,5,228,38,266
13133,100,5,228,38,266
13143,100,5,229,38,267
13153,100,5,229,38,267
13164,100,5,230,38,268
13174,100,5,230,38,268
13184,100,5,231,38,269
13194,100,5,231,38,269
13204,100,5,232,38,270
13214,100,5,232,38,270
13225,100,5,233,38,271
13235,100,5,233,38,271
13245,100,5,232,38,270
13255,100,5,231,38,269
13265,100,5,232,38,270
13275,100,5,231,38,269
13286,100,5,232,38,270
13296,100,5,232,38,270
13306,100,5,232,38,270
13316,100,5,232,38,270
13326,100,5,233,38,271
13336,100,5,233,38,271
13346,100,5,234,38,272
13357,100,5,234,38,272
13367,100,5,234,39,273
13377,100,5,234,39,273
13387,100,5,235,39,274
13397,100,5,236,39,275
13407,100,5,236,39,275
13418,100,5,237,39,276
13428,100,5,237,39,276
13438,100,5,237,40,277
13448,100,5,236,39,275
13458,100,5,236,39,275
13468,100,5,236,39,275
13479,100,5,236,39,275
13489,100,5,236,39,275
13499,100,5,237,39,276
13509,95,7,234,39,273
13519,95,7,235,39,274
13529,95,7,235,39,274
13539,95,7,236,39,275
13550,95,7,236,39,275
13560,95,7,237,39,276
13570,95,7,237,39,276
13580,95,7,238,39,277
13590,95,7,238,39,277
13600,95,7,239,39,278
13611,95,7,239,39,278
13621,95,7,240,39,279
13631,95,7,240,39,279
13642,95,7,241,39,280
13652,95,7,240,38,278
13662,95,7,240,38,278
13672,95,7,239,38,277
13682,95,7,240,38,278
13692,95,7,240,38,278
13703,95,7,241,38,279
13713,95,7,238,38,276
13723,95,7,239,38,277
13733,95,7,239,38,277
13743,95,7,240,38,278
13753,95,7,240,38,278
13764,95,7,240,39,279
13774,95,7,240,39,279
13784,95,7,241,39,280
13794,95,7,241,39,280
13804,95,7,242,39,281
13814,95,7,242,39,281
13824,95,7,243,39,282
13835,95,7,243,39,282
13845,95,7,243,38,281
13855,95,7,242,38,280
13865,95,7,243,38,281
13875,95,7,242,38,280
13885,95,7,243,38,281
13896,95,7,243,38,281
13906,95,7,241,38,279
13916,95,7,241,38,279
13926,95,7,242,38,280
13936,95,7,242,38,280
13946,95,7,243,38,281
13956,95,7,243,38,281
13967,95,7,244,38,282
13977,95,7,244,38,282
13987,95,7,245,38,283
13997,95,7,245,38,283
14007,95,7,246,38,284
14017,95,7,246,38,284
14028,95,7,246,39,285
14038,95,7,246,39,285
14048,95,7,245,39,284
14058,95,7,244,39,283
14068,95,7,245,39,284
14078,95,7,244,39,283
14089,95,7,245,39,284
14099,95,7,245,39,284
14109,95,7,243,39,282
14119,95,7,243,39,282
14129,95,7,244,39,283
14139,95,7,244,39,283
14150,95,7,245,39,284
14160,95,7,245,39,284
14170,95,7,245,40,285
14180,95,7,245,40,285
14190,95,7,246,40,286
14200,95,7,246,40,286
14211,95,7,247,40,287
14221,95,7,247,40,287
14231,95,7,247,41,288
14241,95,7,247,41,288
14251,95,7,247,40,287
14261,95,7,247,40,287
14272,95,7,247,40,287
14282,95,7,246,41,287
14292,95,7,246,41,287
14302,95,7,247,41,288
14312,85,6,245,41,286
14322,95,7,245,41,286
14333,95,7,245,41,286
14343,95,7,246,41,287
14353,95,7,246,41,287
14363,95,7,247,41,288
14373,95,7,247,41,288
14383,95,7,248,41,289
14393,95,7,248,41,289
14404,95,7,249,41,290
14414,95,7,249,41,290
14424,95,7,250,41,291
14434,95,7,250,41,291
14444,95,7,249,41,290
14454,95,7,248,41,289
14465,95,7,248,42,290
14475,85,6,248,42,290
14485,85,6,249,42,291
14495,85,6,249,42,291
14505,100,5,250,41,291
14516,100,5,250,41,291
14527,100,5,250,41,291
14538,100,5,250,41,291
14548,100,5,251,41,292
14558,100,5,251,41,292
14568,100,5,252,41,293
14578,100,5,252,41,293
14589,100,5,253,41,294
14599,100,5,253,41,294
14609,100,5,254,41,295
14619,100,5,254,41,295
14629,100,5,255,41,296
14640,100,5,255,41,296
14650,95,7,252,41,293
14660,95,7,251,41,292
14670,95,7,252,41,293
14680,95,7,252,41,293
14691,95,7,253,41,294
14701,95,7,253,41,294
14711,95,7,254,40,294
14721,95,7,254,40,294
14731,95,7,254,40,294
14744,95,7,254,40,294
14754,95,7,255,40,295
14764,95,7,255,40,295
14776,95,7,255,41,296
14786,95,7,255,41,296
14797,95,7,256,41,297
14807,95,7,256,41,297
14817,95,7,257,41,298
14828,95,7,257,41,298
14838,95,7,257,42,299
14848,95,7,254,42,296
14858,95,7,253,42,295
14869,95,7,254,42,296
14879,95,7,254,42,296
14889,95,7,255,42,297
14899,95,7,255,42,297
14909,95,7,256,41,297
14919,95,7,256,41,297
14930,95,7,256,41,297
14940,95,7,256,41,297
14950,95,7,257,41,298
14960,95,7,257,41,298
14971,95,7,258,41,299
14981,95,7,258,41,299
14991,95,7,258,42,300
15001,95,7,258,42,300
15012,95,7,259,42,301
15022,95,7,259,42,301
15032,95,7,260,42,302
15042,95,7,260,42,302
15052,95,7,257,42,299
15062,95,7,256,42,298
15073,95,7,257,42,299
15083,95,7,257,42,299
15093,95,7,258,42,300
15103,95,7,258,42,300
15114,95,7,259,41,300
15124,95,7,258,41,299
15134,95,7,259,41,300
15144,95,7,259,41,300
15154,95,7,260,41,301
15164,95,7,260,41,301
15175,95,7,261,41,302
15185,95,7,261,41,302
15195,95,7,262,41,303
15205,95,7,262,41,303
15215,95,7,263,41,304
15225,95,7,263,41,304
15236,95,7,264,41,305
15246,95,7,260,41,301
15256,95,7,260,41,301
15266,95,7,260,41,301
15276,95,7,261,41,302
15287,95,7,261,41,302
15297,95,7,261,42,303
15307,95,7,261,41,302
15318,95,7,262,41,303
15328,95,7,261,41,302
15338,95,7,262,41,303
15348,95,7,262,41,303
15359,95,7,263,41,304
15369,95,7,263,41,304
15379,95,7,264,41,305
15389,95,7,264,41,305
15399,95,7,265,41,306
15409,95,7,265,41,306
15420,95,7,265,42,307
15430,95,7,265,42,307
15440,95,7,266,42,308
15450,95,7,262,42,304
15460,95,7,262,42,304
15471,95,7,262,42,304
15481,95,7,263,42,305
15491,95,7,264,42,306
15501,95,7,264,42,306
15512,95,7,264,42,306
15522,95,7,264,42,306
15533,95,7,264,42,306
15543,95,7,264,42,306
15553,95,7,265,42,307
15563,95,7,265,42,307
15573,95,7,266,42,308
15583,95,7,266,42,308
15594,95,7,267,42,309
15604,95,7,267,42,309
15614,95,7,268,42,310
15624,95,7,268,42,310
15634,95,7,268,43,311
15645,75,5,268,43,311
15655,95,7,264,43,307
15665,95,7,264,43,307
15675,95,7,265,43,308
15686,95,7,265,43,308
15696,95,7,266,43,309
15706,95,7,266,42,308
15716,95,7,267,42,309
15726,95,7,266,42,308
15736,95,7,267,42,309
15747,95,7,267,42,309
15757,95,7,267,43,310
15767,95,7,267,43,310
15777,95,7,268,43,311
15787,95,7,268,43,311
15798,95,7,269,43,312
15808,95,7,269,43,312
15818,95,7,270,43,313
15828,95,7,270,43,313
15838,95,7,270,44,314
15849,95,7,266,44,310
15859,95,7,266,44,310
15869,95,7,266,44,310
15879,95,7,267,44,311
15889,95,7,267,44,311
15900,95,7,268,44,312
15910,95,7,268,43,311
15920,95,7,269,43,312
15930,95,7,268,43,311
15940,95,7,269,43,312
15951,95,7,269,43,312
15961,95,7,270,43,313
15971,95,7,270,43,313
15981,95,7,271,43,314
15991,95,7,271,43,314
16001,95,7,272,43,315
16012,95,7,272,43,315
16022,95,7,273,43,316
16032,95,7,273,43,316
16042,95,7,274,43,317
16052,95,7,270,43,313
16063,95,7,270,43,313
16073,95,7,270,43,313
16083,95,7,271,43,314
16093,95,7,271,43,314
16103,95,7,272,43,315
16114,95,7,273,42,315
16124,95,7,272,42,314
16134,95,7,272,43,315
16144,95,7,272,43,315
16154,95,7,273,43,316
16164,95,7,273,43,316
16175,95,7,274,43,317
16185,95,7,274,43,317
16195,95,7,275,43,318
16205,95,7,275,43,318
16215,95,7,276,43,319
16225,95,7,276,43,319
16236,95,7,277,43,320
16246,95,7,273,43,316
16256,95,7,273,43,316
16266,95,7,273,43,316
16276,95,7,274,43,317
16286,95,7,274,43,317
16297,95,7,274,44,318
16307,95,7,274,43,317
16317,95,7,275,43,318
16327,95,7,274,43,317
16337,95,7,274,44,318
16347,95,7,274,44,318
16357,95,7,275,44,319
16368,95,7,275,44,319
16378,95,7,276,44,320
16388,95,7,276,44,320
16398,95,7,277,44,321
16408,95,7,277,44,321
16419,95,7,277,45,322
16429,95,7,277,45,322
16439,95,7,277,46,323
16449,75,5,275,46,321
16459,100,5,276,45,321
16469,100,5,276,45,321
16479,100,5,277,45,322
16490,100,5,277,45,322
16500,100,5,278,45,323
16510,95,7,275,45,320
16520,95,7,276,45,321
16530,95,7,275,45,320
16540,95,7,276,45,321
16551,95,7,276,45,321
16561,95,7,276,46,322
16571,95,7,276,46,322
16581,95,7,277,46,323
16592,95,7,277,46,323
16602,95,7,278,46,324
16612,95,7,278,46,324
16622,95,7,279,46,325
16632,95,7,279,46,325
16642,95,7,280,46,326
16652,95,7,278,46,324
16663,95,7,279,45,324
16673,95,7,279,45,324
16683,95,7,279,46,325
16693,95,7,279,46,325
16703,95,7,280,46,326
16713,95,7,277,46,323
16724,95,7,277,46,323
16734,95,7,277,46,323
16744,95,7,277,47,324
16754,95,7,277,47,324
16764,95,7,278,47,325
16775,95,7,278,47,325
16785,95,7,279,47,326
16795,95,7,279,47,326
16805,95,7,279,48,327
16815,95,7,279,48,327
16825,95,7,280,48,328
16836,95,7,280,48,328
16846,75,5,281,48,329
16856,75,5,281,47,328
16866,75,5,281,48,329
16877,75,5,281,48,329
16887,75,5,282,48,330
16897,75,5,282,48,330
16907,100,5,281,47,328
16917,100,5,282,47,329
16927,100,5,281,47,328
16938,100,5,282,47,329
16948,100,5,282,47,329
16958,100,5,283,47,330
16968,100,5,283,47,330
16978,100,5,284,47,331
16988,100,5,284,47,331
16998,100,5,285,47,332
17009,100,5,285,47,332
17019,100,5,286,47,333
17029,100,5,286,47,333
17039,100,5,287,47,334
17049,100,5,287,47,334
17059,95,7,285,47,332
17069,95,7,285,47,332
17080,95,7,286,47,333
17090,95,7,286,47,333
17100,95,7,287,47,334
17110,95,7,285,46,331
17120,95,7,286,46,332
17130,95,7,285,46,331
17141,95,7,285,47,332
17151,95,7,285,47,332
17161,95,7,285,48,333
17171,95,7,285,48,333
17181,95,7,286,48,334
17191,95,7,286,48,334
17202,95,7,286,49,335
17212,95,7,286,49,335
17222,95,7,287,49,336
17232,95,7,287,49,336
17242,95,7,288,49,337
17252,95,7,288,49,337
17262,100,5,289,48,337
17273,100,5,289,48,337
17283,100,5,290,48,338
17293,100,5,290,48,338
17303,100,5,290,49,339
17313,100,5,288,48,336
17323,100,5,289,48,337
17334,100,5,288,48,336
17344,100,5,289,48,337
17354,100,5,289,48,337
17364,100,5,290,48,338
17374,100,5,290,48,338
17384,100,5,290,49,339
17394,100,5,290,49,339
17405,100,5,291,49,340
17415,100,5,291,49,340
17425,100,5,292,49,341
17435,100,5,292,49,341
17445,100,5,293,49,342
17455,100,5,293,48,341
17466,100,5,294,48,342
17476,100,5,294,48,342
17486,100,5,295,48,343
17496,100,5,295,48,343
17506,95,7,291,48,339
17516,95,7,291,48,339
17527,95,7,291,48,339
17537,95,7,291,48,339
17547,95,7,292,48,340
17557,95,7,292,48,340
17568,95,7,293,48,341
17578,95,7,293,48,341
17588,95,7,294,48,342
17598,95,7,294,48,342
17608,95,7,294,49,343
17618,95,7,294,49,343
17629,95,7,295,49,344
17639,95,7,295,49,344
17649,95,7,296,49,345
17659,95,7,296,48,344
17669,95,7,297,48,345
17679,95,7,297,48,345
17690,95,7,298,48,346
17700,95,7,298,48,346
17710,95,7,293,49,342
17720,95,7,293,49,342
17730,95,7,293,49,342
17740,95,7,294,49,343
17751,95,7,294,49,343
17761,95,7,295,49,344
17771,95,7,295,49,344
17781,95,7,296,49,345
17791,95,7,296,49,345
17801,95,7,297,49,346
17812,95,7,297,49,346
17822,95,7,298,49,347
17832,95,7,298,49,347
17842,95,7,299,49,348
17852,95,7,299,49,348
17862,95,7,300,48,348
17872,95,7,300,48,348
17883,95,7,301,48,349
17893,95,7,301,48,349
17903,95,7,302,48,350
17913,95,7,297,48,345
17923,95,7,298,48,346
17933,95,7,297,48,345
17944,95,7,298,48,346
17954,95,7,298,48,346
17964,95,7,299,48,347
17974,95,7,299,48,347
17984,95,7,300,48,348
17994,95,7,300,48,348
18005,95,7,301,48,349
18015,95,7,301,48,349
18025,95,7,302,48,350
18035,95,7,302,48,350
18045,95,7,303,48,351
18055,95,7,303,47,350
18066,95,7,303,48,351
18076,95,7,303,48,351
18086,95,7,304,48,352
18096,95,7,304,48,352
18106,95,7,305,48,353
18116,95,7,300,48,348
18127,95,7,300,48,348
18137,95,7,300,48,348
18147,95,7,301,48,349
18157,95,7,301,48,349
18167,95,7,301,49,350
18177,95,7,301,49,350
18188,95,7,302,49,351
18198,95,7,302,49,351
18208,95,7,303,49,352
18218,95,7,303,49,352
18228,95,7,303,50,353
18238,95,7,303,50,353
18249,95,7,304,50,354
18259,95,7,304,49,353
18269,95,7,304,50,354
18279,95,7,304,50,354
18289,95,7,304,51,355
18299,95,7,304,51,355
18310,100,5,303,50,353
18320,100,5,303,50,353
18330,100,5,303,50,353
18340,100,5,303,50,353
18350,100,5,304,50,354
18360,100,5,304,50,354
18371,100,5,304,51,355
18381,100,5,304,51,355
18391,100,5,304,52,356
18401,100,5,304,52,356
18411,100,5,305,52,357
18421,100,5,305,52,357
18432,100,5,306,52,358
18443,100,5,306,52,358
18454,100,5,307,52,359
18464,100,5,307,52,359
18474,100,5,307,52,359
18484,100,5,308,52,360
18495,100,5,308,52,360
18505,100,5,309,52,361
18515,100,5,307,51,358
18525,100,5,307,51,358
18535,100,5,307,51,358
18545,100,5,307,52,359
18555,100,5,307,52,359
18566,100,5,308,52,360
18576,100,5,308,52,360
18586,100,5,308,53,361
18596,100,5,308,53,361
18606,100,5,309,53,362
18616,100,5,309,53,362
18627,100,5,310,53,363
18637,100,5,310,53,363
18647,100,5,311,53,364
18657,100,5,311,52,363
18667,100,5,312,52,364
18677,100,5,312,52,364
18688,100,5,313,52,365
18698,100,5,313,52,365
18708,75,5,311,52,363
18718,75,5,311,52,363
18728,100,5,311,52,363
18738,100,5,311,52,363
18748,100,5,312,52,364
18759,100,5,312,52,364
18769,100,5,313,52,365
18779,100,5,313,52,365
18789,100,5,313,53,366
18799,100,5,313,53,366
18809,100,5,313,54,367
18820,100,5,313,54,367
18830,100,5,314,54,368
18840,100,5,314,54,368
18850,100,5,315,54,369
18860,100,5,315,53,368
18871,100,5,316,53,369
18881,100,5,316,53,369
18891,100,5,317,53,370
18901,100,5,317,53,370
18911,100,5,315,53,368
18921,100,5,315,53,368
18932,100,5,316,52,368
18942,100,5,316,52,368
18952,100,5,317,52,369
18962,100,5,317,52,369
18972,100,5,317,53,370
18983,100,5,317,53,370
18993,100,5,318,53,371
19003,100,5,318,53,371
19013,100,5,319,53,372
19023,100,5,319,53,372
19033,100,5,319,54,373
19043,100,5,319,54,373
19054,100,5,320,54,374
19064,100,5,320,53,373
19074,100,5,321,53,374
19084,100,5,321,53,374
19094,100,5,322,53,375
19104,100,5,322,53,375
19115,100,5,320,53,373
19125,100,5,320,53,373
19135,95,7,318,53,371
19145,95,7,318,53,371
19155,95,7,319,53,372
19166,95,7,319,53,372
19176,95,7,320,53,373
19186,95,7,320,53,373
19196,95,7,321,53,374
19206,95,7,321,53,374
19216,95,7,322,53,375
19227,95,7,322,53,375
19237,95,7,323,53,376
19247,95,7,323,53,376
19257,95,7,323,53,376
19267,95,7,323,53,376
19277,95,7,324,53,377
19287,95,7,324,53,377
19298,95,7,325,53,378
19308,95,7,323,53,376
19318,95,7,323,53,376
19328,95,7,320,54,374
19338,95,7,320,54,374
19348,95,7,321,54,375
19359,95,7,321,54,375
19369,95,7,322,54,376
19379,95,7,322,54,376
19389,95,7,323,54,377
19399,95,7,323,54,377
19409,95,7,324,54,378
19420,95,7,324,54,378
19430,95,7,325,54,379
19440,95,7,325,54,379
19450,95,7,326,54,380
19460,95,7,326,53,379
19470,95,7,327,53,380
19480,95,7,327,53,380
19491,95,7,328,53,381
19501,95,7,328,53,381
19511,95,7,326,53,379
19521,95,7,326,53,379
19531,95,7,324,53,377
19541,95,7,324,53,377
19552,95,7,325,53,378
19562,95,7,325,53,378
19572,95,7,326,53,379
19582,95,7,326,53,379
19592,95,7,327,53,380
19603,95,7,327,53,380
19613,95,7,328,53,381
19623,95,7,328,53,381
19633,95,7,329,53,382
19643,95,7,329,53,382
19653,95,7,330,53,383
19664,95,7,330,52,382
19674,95,7,331,52,383
19684,95,7,331,52,383
19694,95,7,332,52,384
19704,95,7,332,52,384
19715,95,7,329,53,382
19725,95,7,329,53,382
19735,95,7,326,54,380
19745,95,7,326,54,380
19755,95,7,326,55,381
19766,95,7,326,55,381
19776,95,7,327,55,382
19786,95,7,327,55,382
19796,95,7,328,55,383
19806,95,7,328,55,383
19817,95,7,329,55,384
19827,95,7,329,55,384
19837,95,7,330,55,385
19847,95,7,330,55,385
19857,95,7,331,54,385
19867,95,7,331,54,385
19878,95,7,332,54,386
19888,95,7,332,54,386
19898,95,7,333,54,387
19908,95,7,330,54,384
19919,95,7,331,54,385
19929,95,7,328,54,382
19940,95,7,329,54,383
19950,95,7,329,54,383
19961,95,7,330,54,384
19971,95,7,330,54,384
19981,95,7,331,54,385
19991,95,7,331,54,385
20002,95,7,332,54,386
20012,95,7,332,54,386
20022,95,7,333,54,387
20032,95,7,333,54,387
20042,95,7,334,54,388
20052,95,7,334,54,388
20063,95,7,335,53,388
20073,95,7,335,53,388
20083,95,7,336,53,389
20093,95,7,337,53,390
20103,95,7,337,53,390
20113,95,7,335,53,388
20124,95,7,335,53,388
20134,95,7,332,53,385
20144,95,7,332,53,385
20154,95,7,332,53,385
20164,95,7,332,53,385
20174,95,7,332,53,385
20185,95,7,332,53,385
20195,95,7,332,53,385
20205,95,7,332,53,385
20215,95,7,332,53,385
20225,95,7,332,53,385
20235,95,7,332,53,385
20246,95,7,332,53,385
20257,95,7,332,53,385
20267,95,7,332,52,384
20277,95,7,332,52,384
20288,95,7,332,52,384
20299,95,7,332,52,384
20337,75,5,332,52,384
20347,95,7,326,52,378
20357,95,7,326,52,378
20367,95,7,326,52,378
20378,95,7,326,52,378
20389,95,7,326,52,378
20399,95,7,326,52,378
20409,95,7,326,52,378
20420,95,7,326,52,378
20430,95,7,326,52,378
20440,95,7,326,52,378
20451,95,7,326,52,378
20461,95,7,326,51,377
20472,95,7,326,51,377
20482,95,7,326,51,377
20492,95,7,326,51,377
20502,95,7,326,51,377
20512,95,7,326,51,377
20523,95,7,326,51,377
20533,95,7,326,51,377
20543,95,7,326,51,377
20554,95,7,320,51,371
20564,95,7,320,51,371
20574,95,7,320,51,371
20585,95,7,320,51,371
20595,95,7,320,51,371
20606,95,7,320,51,371
20617,95,7,320,51,371
20627,95,7,320,51,371
20637,95,7,320,51,371
20648,95,7,320,51,371
20658,95,7,320,51,371
20668,95,7,320,50,370
20679,95,7,320,50,370
20689,95,7,320,50,370
20699,95,7,320,50,370
20709,95,7,320,50,370
20719,95,7,320,50,370
20731,95,7,320,50,370
20741,95,7,320,50,370
20752,95,7,314,50,364
20764,95,7,314,50,364
20776,95,7,314,50,364
20787,95,7,314,50,364
20797,95,7,314,50,364
20807,95,7,314,50,364
20817,95,7,314,50,364
20827,95,7,314,50,364
20838,95,7,314,50,364
20848,95,7,314,50,364
20859,95,7,314,50,364
20871,95,7,314,49,363
20881,95,7,314,49,363
20891,95,7,314,49,363
20901,95,7,314,49,363
20913,95,7,314,49,363
20923,95,7,314,49,363
20933,95,7,314,49,363
20944,95,7,314,49,363
20954,95,7,308,49,357
20965,95,7,308,49,357
20975,95,7,308,49,357
20986,95,7,308,49,357
20996,95,7,308,49,357
21009,95,7,308,49,357
21025,95,7,308,49,357
21036,95,7,308,49,357
21057,95,7,308,49,357
21070,95,7,308,49,357
21080,95,7,308,49,357
21092,95,7,308,48,356
21103,95,7,308,48,356
21113,95,7,308,48,356
21123,95,7,308,48,356
21136,95,7,308,48,356
21146,95,7,308,48,356
21156,95,7,302,48,350
21167,95,7,302,48,350
21177,95,7,302,48,350
21190,95,7,302,48,350
21206,95,7,302,48,350
21216,95,7,302,48,350
21232,95,7,302,48,350
21244,95,7,302,48,350
21254,95,7,302,48,350
21265,95,7,302,48,350
21275,95,7,302,48,350
21287,95,7,302,48,350
21298,95,7,302,47,349
21309,95,7,302,47,349
21323,95,7,302,47,349
21338,95,7,302,47,349
21348,95,7,297,47,344
21363,95,7,296,47,343
21378,95,7,296,47,343
21388,95,7,296,47,343
21399,95,7,296,47,343
21410,95,7,296,47,343
21420,95,7,296,47,343
21433,95,7,296,47,343
21444,95,7,296,47,343
21456,95,7,296,47,343
21467,95,7,296,47,343
21480,95,7,296,47,343
21492,95,7,296,46,342
21502,95,7,296,46,342
21512,95,7,296,46,342
21523,95,7,296,46,342
21533,95,7,296,46,342
21543,95,7,296,46,342
21553,95,7,290,46,336
21564,95,7,290,46,336
21574,95,7,290,46,336
21587,95,7,290,46,336
21597,95,7,290,46,336
21609,95,7,290,46,336
21619,95,7,290,46,336
21629,95,7,290,46,336
21640,95,7,290,46,336
21650,95,7,290,46,336
21660,95,7,290,46,336
21673,95,7,290,46,336
21683,95,7,290,46,336
21693,95,7,290,45,335
21704,95,7,290,45,335
21714,95,7,290,45,335
21725,95,7,290,45,335
21735,95,7,290,45,335
21746,95,7,290,45,335
21758,95,7,284,45,329
21770,95,7,284,45,329
21783,95,7,284,45,329
21796,95,7,284,45,329
21806,95,7,284,45,329
21816,95,7,284,45,329
21838,95,7,284,45,329
21848,95,7,284,45,329
21862,95,7,284,45,329
21873,95,7,284,45,329
21885,95,7,284,45,329
21900,95,7,284,44,328
21911,95,7,284,44,328
21924,95,7,284,44,328
21939,95,7,284,44,328
21949,95,7,284,44,328
21964,95,7,278,44,322
21978,95,7,278,44,322
21989,95,7,278,44,322
22001,95,7,278,44,322
22011,95,7,278,44,322
22025,95,7,278,44,322
22037,95,7,278,44,322
22053,95,7,278,44,322
22064,95,7,278,44,322
22075,95,7,278,44,322
22087,95,7,278,44,322
22099,95,7,278,43,321
22113,95,7,278,43,321
22125,95,7,278,43,321
22135,95,7,278,43,321
22145,95,7,278,43,321
22157,95,7,272,43,315
22167,95,7,272,43,315
22179,95,7,272,43,315
22189,95,7,272,43,315
22199,95,7,272,43,315
22209,95,7,272,43,315
22220,95,7,272,43,315
22230,95,7,272,43,315
22240,95,7,272,43,315
22251,95,7,272,43,315
22261,95,7,272,43,315
22273,95,7,272,43,315
22283,95,7,272,43,315
22302,95,7,272,42,314
22313,95,7,272,42,314
22326,95,7,272,42,314
22337,95,7,272,42,314
22348,95,7,272,42,314
22360,95,7,266,42,308
22373,95,7,266,42,308
22383,95,7,266,42,308
22395,95,7,266,42,308
22407,95,7,266,42,308
22419,95,7,266,42,308
22432,95,7,266,42,308
22444,95,7,266,42,308
22455,95,7,266,42,308
22465,95,7,266,42,308
22480,95,7,266,42,308
22490,95,7,266,42,308
22505,95,7,266,41,307
22517,95,7,266,41,307
22527,95,7,266,41,307
22540,95,7,266,41,307
22553,95,7,266,41,307
22567,95,7,260,41,301
22578,95,7,260,41,301
22592,95,7,260,41,301
22606,95,7,260,41,301
22616,95,7,260,41,301
22628,95,7,260,41,301
22641,95,7,260,41,301
22656,95,7,260,41,301
22666,95,7,260,41,301
22678,95,7,260,41,301
22696,95,7,260,41,301
22707,95,7,260,41,301
22717,95,7,260,40,300
22731,95,7,260,40,300
22743,95,7,260,40,300
22755,95,7,260,40,300
22765,95,7,254,40,294
22777,95,7,254,40,294
22787,95,7,254,40,294
22798,95,7,254,40,294
22810,95,7,254,40,294
22820,95,7,254,40,294
22830,95,7,254,40,294
22843,95,7,254,40,294
22854,95,7,254,40,294
22864,95,7,254,40,294
22878,95,7,254,40,294
22888,95,7,254,40,294
22899,95,7,254,40,294
22909,95,7,254,39,293
22919,95,7,254,39,293
22929,95,7,254,39,293
22939,95,7,254,39,293
22949,95,7,254,39,293
22960,95,7,249,39,288
22970,95,7,248,39,287
22981,95,7,248,39,287
22991,95,7,248,39,287
23001,95,7,248,39,287
23011,95,7,248,39,287
23021,95,7,248,39,287
23032,95,7,248,39,287
23042,95,7,248,39,287
23053,95,7,248,39,287
23063,95,7,248,39,287
23073,95,7,248,39,287
23084,95,7,248,39,287
23094,95,7,248,39,287
23104,95,7,248,39,287
23114,95,7,248,38,286
23125,95,7,248,38,286
23135,95,7,248,38,286
23145,95,7,248,38,286
23155,95,7,248,38,286
23165,95,7,242,38,280
23176,95,7,242,38,280
23186,95,7,242,38,280
23196,95,7,242,38,280
23206,95,7,242,38,280
23216,95,7,242,38,280
23227,95,7,242,38,280
23238,95,7,242,38,280
23249,95,7,242,38,280
23259,95,7,242,38,280
23269,95,7,242,38,280
23281,95,7,242,38,280
23291,95,7,242,38,280
23301,95,7,242,38,280
23311,95,7,242,37,279
23321,95,7,242,37,279
23333,95,7,242,37,279
23344,95,7,242,37,279
23354,95,7,242,37,279
23365,95,7,236,37,273
23375,95,7,236,37,273
23385,95,7,236,37,273
23396,95,7,236,37,273
23411,95,7,236,37,273
23421,95,7,236,37,273
23431,95,7,236,37,273
23443,95,7,236,37,273
23454,95,7,236,37,273
23464,95,7,236,37,273
23476,95,7,236,37,273
23487,95,7,236,37,273
23500,95,7,236,37,273
23511,95,7,236,37,273
23521,95,7,236,36,272
23533,95,7,236,36,272
23544,95,7,236,36,272
23554,95,7,236,36,272
23564,95,7,230,36,266
23575,95,7,230,36,266
23585,95,7,230,36,266
23595,95,7,230,36,266
23606,95,7,230,36,266
23616,95,7,230,36,266
23626,95,7,230,36,266
23636,95,7,230,36,266
23646,95,7,230,36,266
23657,95,7,230,36,266
23667,95,7,230,36,266
23677,95,7,230,36,266
23688,95,7,230,36,266
23698,95,7,230,36,266
23708,95,7,230,36,266
23718,95,7,230,35,265
23728,95,7,230,35,265
23739,95,7,230,35,265
23749,95,7,230,35,265
23759,95,7,230,35,265
23770,95,7,224,35,259
23780,95,7,224,35,259
23790,95,7,224,35,259
23800,95,7,224,35,259
23810,95,7,224,35,259
23821,95,7,224,35,259
23831,95,7,224,35,259
23841,95,7,224,35,259
23851,95,7,224,35,259
23862,95,7,224,35,259
23872,95,7,224,35,259
23882,95,7,224,35,259
23892,95,7,224,35,259
23902,95,7,224,35,259
23913,95,7,224,35,259
23923,95,7,224,34,258
23933,95,7,224,34,258
23943,95,7,224,34,258
23953,95,7,224,34,258
23964,95,7,218,34,252
23975,95,7,218,34,252
23985,95,7,218,34,252
23996,95,7,218,34,252
24006,95,7,218,34,252
24016,95,7,218,34,252
24026,95,7,218,34,252
24037,95,7,218,34,252
24047,95,7,218,34,252
24057,95,7,218,34,252
24067,95,7,218,34,252
24078,95,7,218,34,252
24088,95,7,218,34,252
24098,95,7,218,34,252
24108,95,7,218,34,252
24118,95,7,218,33,251
24129,95,7,218,33,251
24139,95,7,218,33,251
24150,95,7,218,33,251
24160,95,7,218,33,251
24171,95,7,212,33,245
24181,95,7,212,33,245
24191,95,7,212,33,245
24201,95,7,212,33,245
24211,95,7,212,33,245
24222,95,7,212,33,245
24232,95,7,212,33,245
24242,95,7,212,33,245
24252,95,7,212,33,245
24262,95,7,212,33,245
24273,95,7,212,33,245
24283,95,7,212,33,245
24293,95,7,212,33,245
24303,95,7,212,33,245
24314,95,7,212,33,245
24324,95,7,212,32,244
24334,95,7,212,32,244
24344,95,7,212,32,244
24355,95,7,212,32,244
24365,95,7,206,32,238
24375,95,7,206,32,238
24385,95,7,206,32,238
24396,95,7,206,32,238
24406,95,7,206,32,238
24416,95,7,206,32,238
24426,95,7,206,32,238
24437,95,7,206,32,238
24447,95,7,206,32,238
24457,95,7,206,32,238
24467,95,7,206,32,238
24478,95,7,206,32,238
24488,95,7,206,32,238
24498,95,7,206,32,238
24509,95,7,206,32,238
24519,95,7,206,31,237
24530,95,7,206,31,237
24540,95,7,206,31,237
24550,95,7,206,31,237
24560,95,7,206,31,237
24571,95,7,200,31,231
24581,95,7,200,31,231
24592,95,7,200,31,231
24602,95,7,200,31,231
24612,95,7,200,31,231
24622,95,7,200,31,231
24633,95,7,200,31,231
24643,95,7,200,31,231
24653,95,7,200,31,231
24663,95,7,200,31,231
24675,95,7,200,31,231
24685,95,7,200,31,231
24695,95,7,200,31,231
24705,95,7,200,31,231
24716,95,7,200,30,230
24726,95,7,200,30,230
24736,95,7,200,30,230
24746,95,7,200,30,230
24756,95,7,200,30,230
24766,95,7,194,30,224
24777,95,7,194,30,224
24787,95,7,194,30,224
24797,95,7,194,30,224
24807,95,7,194,30,224
24817,95,7,194,30,224
24828,95,7,194,30,224
24838,95,7,194,30,224
24848,95,7,194,30,224
24858,95,7,194,30,224
24868,95,7,194,30,224
24878,95,7,194,30,224
24889,95,7,194,30,224
24899,95,7,194,30,224
24909,95,7,194,30,224
24919,95,7,194,29,223
24930,95,7,194,29,223
24940,95,7,194,29,223
24950,95,7,194,29,223
24960,95,7,194,29,223
24970,95,7,188,29,217
24981,95,7,188,29,217
24991,95,7,188,29,217
25001,95,7,188,29,217
25011,95,7,188,29,217
25022,95,7,188,29,217
25032,95,7,188,29,217
25042,95,7,188,29,217
25052,95,7,188,29,217
25062,95,7,188,29,217
25072,95,7,188,29,217
25083,95,7,188,29,217
25093,95,7,188,29,217
25103,95,7,188,29,217
25113,95,7,188,29,217
25123,95,7,188,28,216
25134,95,7,188,28,216
25144,95,7,188,28,216
25154,95,7,188,28,216
25164,95,7,182,28,210
25174,95,7,182,28,210
25185,95,7,182,28,210
25195,95,7,182,28,210
25205,95,7,182,28,210
25215,95,7,182,28,210
25225,95,7,182,28,210
25235,95,7,182,28,210
25246,95,7,182,28,210
25256,95,7,182,28,210
25266,95,7,182,28,210
25276,95,7,182,28,210
25287,95,7,182,28,210
25297,95,7,182,28,210
25307,95,7,182,28,210
25317,95,7,182,27,209
25328,95,7,182,27,209
25338,95,7,182,27,209
25348,95,7,182,27,209
25358,95,7,182,27,209
25368,95,7,176,27,203
25378,95,7,176,27,203
25389,95,7,176,27,203
25399,95,7,176,27,203
25409,95,7,176,27,203
25419,95,7,176,27,203
25429,95,7,176,27,203
25440,95,7,176,27,203
25450,95,7,176,27,203
25460,95,7,176,27,203
25470,95,7,176,27,203
25480,95,7,176,27,203
25491,95,7,176,27,203
25501,95,7,176,27,203
25511,95,7,176,27,203
25521,95,7,176,26,202
25532,95,7,176,26,202
25542,95,7,176,26,202
25552,95,7,176,26,202
25562,95,7,176,26,202
25572,95,7,170,26,196
25583,95,7,170,26,196
25593,95,7,170,26,196
25603,95,7,170,26,196
25613,95,7,170,26,196
25623,95,7,170,26,196
25634,95,7,170,26,196
25644,95,7,170,26,196
25654,95,7,170,26,196
25664,95,7,170,26,196
25674,95,7,170,26,196
25684,95,7,170,26,196
25695,95,7,170,26,196
25705,95,7,170,26,196
25715,95,7,170,26,196
25725,95,7,170,25,195
25736,95,7,170,25,195
25746,95,7,170,25,195
25756,95,7,170,25,195
25766,95,7,164,25,189
25777,95,7,164,25,189
25787,95,7,164,25,189
25797,95,7,164,25,189
25807,95,7,164,25,189
25817,95,7,164,25,189
25827,95,7,164,25,189
25838,95,7,164,25,189
25848,95,7,164,25,189
25858,95,7,164,25,189
25868,95,7,164,25,189
25878,95,7,164,25,189
25889,95,7,164,25,189
25899,95,7,164,25,189
25909,95,7,164,25,189
25919,95,7,164,24,188
25929,95,7,164,24,188
25939,95,7,164,24,188
25950,95,7,164,24,188
25960,95,7,164,24,188
25970,95,7,158,24,182
25980,95,7,158,24,182
25990,95,7,158,24,182
26001,95,7,158,24,182
26011,95,7,158,24,182
26021,95,7,158,24,182
26031,95,7,158,24,182
26041,95,7,158,24,182
26051,95,7,158,24,182
26062,95,7,158,24,182
26072,95,7,158,24,182
26082,95,7,158,24,182
26092,95,7,158,24,182
26102,95,7,158,24,182
26113,95,7,158,24,182
26123,95,7,158,23,181
26133,95,7,158,23,181
26143,95,7,158,23,181
26153,95,7,158,23,181
26163,95,7,152,23,175
26174,95,7,152,23,175
26184,95,7,152,23,175
26194,95,7,152,23,175
26204,95,7,152,23,175
26214,95,7,152,23,175
26224,95,7,152,23,175
26235,95,7,152,23,175
26245,95,7,152,23,175
26255,95,7,152,23,175
26265,95,7,152,23,175
26275,95,7,152,23,175
26285,95,7,152,23,175
26296,95,7,152,23,175
26306,95,7,152,23,175
26316,95,7,152,23,175
26326,95,7,152,22,174
26336,95,7,152,22,174
26346,95,7,152,22,174
26357,95,7,152,22,174
26367,95,7,146,22,168
26377,95,7,146,22,168
26387,95,7,146,22,168
26397,95,7,146,22,168
26407,95,7,146,22,168
26418,95,7,146,22,168
26428,95,7,146,22,168
26438,95,7,146,22,168
26448,95,7,146,22,168
26458,95,7,146,22,168
26468,95,7,146,22,168
26479,95,7,146,22,168
26489,95,7,146,22,168
26499,95,7,146,22,168
26509,95,7,146,22,168
26519,95,7,146,21,167
26529,95,7,146,21,167
26540,95,7,146,21,167
26550,95,7,146,21,167
26560,95,7,146,21,167
26570,95,7,140,21,161
26580,95,7,140,21,161
26590,95,7,140,21,161
26600,95,7,140,21,161
26611,95,7,140,21,161
26621,95,7,140,21,161
26631,95,7,140,21,161
26641,95,7,140,21,161
26651,95,7,140,21,161
26662,95,7,140,21,161
26672,95,7,140,21,161
26682,95,7,140,21,161
26692,95,7,140,21,161
26702,95,7,140,21,161
26716,95,7,140,21,161
26727,95,7,140,20,160
26737,95,7,140,20,160
26747,95,7,140,20,160
26757,95,7,140,20,160
26767,95,7,134,20,154
26777,95,7,134,20,154
26787,95,7,134,20,154
26798,95,7,134,20,154
26808,95,7,134,20,154
26818,95,7,134,20,154
26828,95,7,134,20,154
26838,95,7,134,20,154
26848,95,7,134,20,154
26859,95,7,134,20,154
26869,95,7,134,20,154
26879,95,7,134,20,154
26889,95,7,134,20,154
26899,95,7,134,20,154
26909,95,7,134,20,154
26920,95,7,134,19,153
26930,95,7,134,19,153
26940,95,7,134,19,153
26950,95,7,134,19,153
26960,95,7,134,19,153
26970,95,7,128,19,147
26981,95,7,128,19,147
26991,95,7,128,19,147
27001,95,7,128,19,147
27011,95,7,128,19,147
27021,95,7,128,19,147
27031,95,7,128,19,147
27042,95,7,128,19,147
27052,95,7,128,19,147
27062,95,7,128,19,147
27072,95,7,128,19,147
27082,95,7,128,19,147
27093,95,7,128,19,147
27103,95,7,128,19,147
27113,95,7,128,19,147
27123,95,7,128,18,146
27133,95,7,128,18,146
27143,95,7,128,18,146
27153,95,7,128,18,146
27164,95,7,128,18,146
27174,95,7,122,18,140
27184,95,7,122,18,140
27194,95,7,122,18,140
27204,95,7,122,18,140
27215,95,7,122,18,140
27225,95,7,122,18,140
27235,95,7,122,18,140
27245,95,7,122,18,140
27255,95,7,122,18,140
27266,95,7,122,18,140
27276,95,7,122,18,140
27286,95,7,122,18,140
27297,95,7,122,18,140
27307,95,7,122,18,140
27317,95,7,122,17,139
27327,95,7,122,17,139
27337,95,7,122,17,139
27348,95,7,122,17,139
27358,95,7,122,17,139
27368,95,7,116,17,133
27378,95,7,116,17,133
27388,95,7,116,17,133
27398,95,7,116,17,133
27408,95,7,116,17,133
27419,95,7,116,17,133
27429,95,7,116,17,133
27439,95,7,116,17,133
27449,95,7,116,17,133
27459,95,7,116,17,133
27469,95,7,116,17,133
27480,95,7,116,17,133
27490,95,7,116,17,133
27500,95,7,116,17,133
27510,95,7,116,17,133
27520,95,7,116,16,132
27533,95,7,116,16,132
27543,95,7,116,16,132
27553,95,7,116,16,132
27565,55,3,116,16,132
27576,95,7,110,16,126
27586,95,7,110,16,126
27597,95,7,110,16,126
27607,95,7,110,16,126
27617,95,7,110,16,126
27627,95,7,110,16,126
27637,95,7,110,16,126
27648,95,7,110,16,126
27658,95,7,110,16,126
27668,95,7,110,16,126
27678,95,7,110,16,126
27688,95,7,110,16,126
27698,95,7,110,16,126
27709,95,7,110,16,126
27719,95,7,110,15,125
27729,95,7,110,15,125
27739,95,7,110,15,125
27749,95,7,110,15,125
27759,95,7,110,15,125
27770,95,7,104,15,119
27780,95,7,104,15,119
27790,95,7,104,15,119
27800,95,7,104,15,119
27810,95,7,104,15,119
27820,95,7,104,15,119
27831,95,7,104,15,119
27841,95,7,104,15,119
27851,95,7,104,15,119
27861,95,7,104,15,119
27871,95,7,104,15,119
27881,95,7,104,15,119
27892,95,7,104,15,119
27902,95,7,104,15,119
27912,95,7,104,15,119
27922,95,7,104,14,118
27932,95,7,104,14,118
27942,95,7,104,14,118
27952,95,7,104,14,118
27963,95,7,104,14,118
27973,95,7,98,14,112
27983,95,7,98,14,112
27993,95,7,98,14,112
28003,95,7,98,14,112
28014,95,7,98,14,112
28024,95,7,98,14,112
28034,95,7,98,14,112
28044,95,7,98,14,112
28054,95,7,98,14,112
28065,95,7,98,14,112
28075,95,7,98,14,112
28085,95,7,98,14,112
28095,95,7,98,14,112
28105,95,7,98,14,112
28116,95,7,98,14,112
28126,95,7,98,13,111
28136,95,7,98,13,111
28146,95,7,98,13,111
28156,95,7,98,13,111
28166,95,7,98,13,111
28177,95,7,92,13,105
28187,95,7,92,13,105
28197,95,7,92,13,105
28207,95,7,92,13,105
28217,95,7,92,13,105
28228,95,7,92,13,105
28238,95,7,92,13,105
28248,95,7,92,13,105
28258,95,7,92,13,105
28268,95,7,92,13,105
28279,95,7,92,13,105
28289,95,7,92,13,105
28299,95,7,92,13,105
28309,95,7,92,13,105
28319,95,7,92,12,104
28330,95,7,92,12,104
28340,95,7,92,12,104
28350,95,7,92,12,104
28360,95,7,92,12,104
28370,95,7,86,12,98
28380,95,7,86,12,98
28391,95,7,86,12,98
28401,95,7,86,12,98
28411,95,7,86,12,98
28422,95,7,86,12,98
28432,95,7,86,12,98
28442,95,7,86,12,98
28452,95,7,86,12,98
28462,95,7,86,12,98
28473,95,7,86,12,98
28483,95,7,86,12,98
28493,95,7,86,12,98
28503,95,7,86,12,98
28513,95,7,86,12,98
28523,95,7,86,11,97
28534,95,7,86,11,97
28544,95,7,86,11,97
28554,95,7,86,11,97
28564,95,7,86,11,97
28574,95,7,80,11,91
28584,95,7,80,11,91
28595,95,7,80,11,91
28605,95,7,80,11,91
28615,95,7,80,11,91
28625,95,7,80,11,91
28635,95,7,80,11,91
28645,95,7,80,11,91
28656,95,7,80,11,91
28666,95,7,80,11,91
28676,95,7,80,11,91
28686,95,7,80,11,91
28696,95,7,80,11,91
28706,95,7,80,11,91
28717,95,7,80,11,91
28727,95,7,80,10,90
28737,95,7,80,10,90
28748,95,7,80,10,90
28758,95,7,80,10,90
28768,85,6,75,10,85
28779,95,7,74,10,84
28789,95,7,74,10,84
28799,95,7,74,10,84
28809,95,7,74,10,84
28819,95,7,74,10,84
28829,95,7,74,10,84
28840,95,7,74,10,84
28850,95,7,74,10,84
28860,95,7,74,10,84
28870,95,7,74,10,84
28880,95,7,74,10,84
28890,95,7,74,10,84
28900,95,7,74,10,84
28911,95,7,74,10,84
28921,95,7,74,9,83
28931,95,7,74,9,83
28941,95,7,74,9,83
28952,95,7,74,9,83
28962,95,7,74,9,83
28972,95,7,68,9,77
28982,95,7,68,9,77
28993,95,7,68,9,77
29003,95,7,68,9,77
29013,95,7,68,9,77
29023,95,7,68,9,77
29033,95,7,68,9,77
29043,95,7,68,9,77
29054,95,7,68,9,77
29064,95,7,68,9,77
29074,95,7,68,9,77
29084,95,7,68,9,77
29094,95,7,68,9,77
29104,95,7,68,9,77
29115,95,7,68,9,77
29125,95,7,68,8,76
29135,95,7,68,8,76
29145,95,7,68,8,76
29155,95,7,68,8,76
29166,95,7,68,8,76
29176,95,7,62,8,70
29186,95,7,62,8,70
29196,95,7,62,8,70
29206,95,7,62,8,70
29216,95,7,62,8,70
29227,95,7,62,8,70
29237,95,7,62,8,70
29247,95,7,62,8,70
29257,95,7,62,8,70
29267,95,7,62,8,70
29278,95,7,62,8,70
29288,95,7,62,8,70
29298,95,7,62,8,70
29308,95,7,62,8,70
29318,95,7,62,8,70
29329,95,7,62,7,69
29339,95,7,62,7,69
29349,95,7,62,7,69
29359,95,7,62,7,69
29369,95,7,56,7,63
29379,95,7,56,7,63
29390,95,7,56,7,63
29400,95,7,56,7,63
29410,95,7,56,7,63
29420,95,7,56,7,63
29430,95,7,56,7,63
29440,95,7,56,7,63
29451,95,7,56,7,63
29461,95,7,56,7,63
29471,95,7,56,7,63
29481,95,7,56,7,63
29491,95,7,56,7,63
29502,95,7,56,7,63
29512,95,7,56,7,63
29522,95,7,56,6,62
29532,95,7,56,6,62
29542,95,7,56,6,62
29552,95,7,56,6,62
29563,95,7,56,6,62
29573,95,7,50,6,56
29583,95,7,50,6,56
29593,95,7,50,6,56
29603,95,7,50,6,56
29613,95,7,50,6,56
29624,95,7,50,6,56
29634,95,7,50,6,56
29644,95,7,50,6,56
29654,95,7,50,6,56
29664,95,7,50,6,56
29674,95,7,50,6,56
29684,95,7,50,6,56
29695,95,7,50,6,56
29705,95,7,50,6,56
29715,95,7,50,6,56
29725,95,7,50,5,55
29735,95,7,50,5,55
29745,95,7,50,5,55
29756,95,7,50,5,55
29766,95,7,50,5,55
29776,95,7,44,5,49
29786,95,7,44,5,49
29796,95,7,44,5,49
29806,95,7,44,5,49
29817,95,7,44,5,49
29827,95,7,44,5,49
29837,95,7,44,5,49
29847,95,7,44,5,49
29857,95,7,44,5,49
29867,95,7,44,5,49
29878,95,7,44,5,49
29888,95,7,44,5,49
29898,95,7,44,5,49
29908,95,7,44,5,49
29918,95,7,44,5,49
29928,95,7,44,4,48
29939,95,7,44,4,48
29949,95,7,44,4,48
29959,95,7,44,4,48
29969,95,7,39,4,43
29979,95,7,38,4,42
29989,95,7,38,4,42
30000,95,7,38,4,42
30010,95,7,38,4,42
30020,95,7,38,4,42
30030,95,7,38,4,42
30040,95,7,38,4,42
30050,95,7,38,4,42
30060,95,7,38,4,42
30071,95,7,38,4,42
30081,95,7,38,4,42
30091,95,7,38,4,42
30101,95,7,38,4,42
30111,95,7,38,4,42
30121,95,7,38,3,41
30132,95,7,38,3,41
30142,95,7,38,3,41
30152,95,7,38,3,41
30162,95,7,38,3,41
30172,95,7,32,3,35
30183,95,7,32,3,35
30193,95,7,32,3,35
30203,95,7,32,3,35
30213,95,7,32,3,35
30223,95,7,32,3,35
30233,95,7,32,3,35
30244,95,7,32,3,35
30254,95,7,32,3,35
30264,95,7,32,3,35
30274,95,7,32,3,35
30284,95,7,32,3,35
30295,95,7,32,3,35
30305,95,7,32,3,35
30315,95,7,32,3,35
30325,95,7,32,2,34
30335,95,7,32,2,34
30345,95,7,32,2,34
30355,95,7,32,2,34
30366,95,7,32,2,34
30376,95,7,26,2,28
30386,95,7,26,2,28
30396,95,7,26,2,28
30406,95,7,26,2,28
30417,95,7,26,2,28
30427,95,7,26,2,28
30437,95,7,26,2,28
30447,95,7,26,2,28
30457,95,7,26,2,28
30467,95,7,26,2,28
30478,95,7,26,2,28
30488,95,7,26,2,28
30498,95,7,26,2,28
30508,95,7,26,2,28
30518,95,7,26,2,28
30528,95,7,26,1,27
30539,95,7,26,1,27
30549,95,7,26,1,27
30559,95,7,26,1,27
30569,85,6,22,1,23
30579,95,7,20,1,21
30589,95,7,20,1,21
30600,95,7,20,1,21
30610,95,7,20,1,21
30620,95,7,20,1,21
30630,95,7,20,1,21
30640,95,7,20,1,21
30650,95,7,20,1,21
30661,95,7,20,1,21
30671,95,7,20,1,21
30681,95,7,20,1,21
30691,95,7,20,1,21
30701,95,7,20,1,21
30711,95,7,20,1,21
30722,95,7,20,0,20
30732,95,7,20,0,20
30742,95,7,20,0,20
30752,95,7,20,0,20
30763,95,7,20,0,20
30773,95,7,14,0,14
30783,95,7,14,0,14
30793,95,7,14,0,14
30803,95,7,14,0,14
30814,95,7,14,0,14
30824,95,7,14,0,14
30834,95,7,14,0,14
30844,95,7,14,0,14
30854,95,7,14,0,14
30864,95,7,14,0,14
30875,95,7,14,0,14
30885,95,7,14,0,14
30895,95,7,14,0,14
30905,95,7,14,0,14
30915,95,7,14,0,14
30925,80,8,12,0,12
30936,80,8,12,0,12
30946,80,8,12,0,12
30956,80,8,12,0,12
30966,80,8,12,0,12
30976,80,8,6,0,6
30986,80,8,6,0,6
30997,80,8,6,0,6
31007,80,8,6,0,6
31017,80,8,6,0,6
31027,80,8,6,0,6
31037,80,8,6,0,6
31047,80,8,6,0,6
31058,80,8,6,0,6
31068,80,8,6,0,6
31078,80,8,6,0,6
31088,80,8,6,0,6
31098,80,8,6,0,6
31109,80,8,6,0,6
31119,80,8,6,0,6
31129,80,8,4,0,4
31139,80,8,4,0,4
31149,80,8,4,0,4
31160,80,8,4,0,4
31170,70,7,0,0,0
31180,60,6,0,0,0
31190,60,6,0,0,0
31200,60,6,0,0,0
31211,60,6,0,0,0
31221,60,6,0,0,0
31231,60,6,0,0,0
31241,60,6,0,0,0
31251,60,6,0,0,0
31261,60,6,0,0,0
31272,60,6,0,0,0
31282,60,6,0,0,0
31292,60,6,0,0,0
31302,60,6,0,0,0
31312,60,6,0,0,0
31322,40,4,0,0,0
31333,40,4,0,0,0
31343,40,4,0,0,0
31353,40,4,0,0,0
31363,40,4,0,0,0
