elapsed_ms,cpu_pct,workers_active,queue_len
1,0,0,0
11,10,1,0
21,20,2,0
32,20,2,0
42,30,3,0
52,30,3,0
62,40,4,0
72,40,4,0
82,50,5,0
93,50,5,0
103,85,6,0
113,85,6,0
123,95,7,0
133,95,7,0
143,95,7,0
154,95,7,0
164,95,7,1
174,95,7,1
184,95,7,2
194,95,7,2
204,95,7,2
215,95,7,2
225,85,6,3
235,85,6,3
245,75,5,4
255,75,5,4
265,100,5,4
275,100,5,4
286,100,5,4
296,100,5,4
306,75,5,4
316,75,5,4
326,100,5,4
336,100,5,4
347,100,5,5
357,100,5,5
367,100,5,6
377,100,5,6
388,100,5,7
398,100,5,7
408,100,5,7
418,100,5,7
428,100,5,8
438,100,5,8
449,100,5,9
459,100,5,9
469,75,5,9
479,75,5,9
489,100,5,9
500,100,5,9
510,100,5,9
520,100,5,9
530,75,5,9
540,75,5,9
551,75,5,10
562,75,5,10
573,75,5,11
583,75,5,11
594,75,5,12
604,100,5,12
615,100,5,12
625,100,5,13
635,100,5,13
645,100,5,14
655,100,5,14
665,100,5,14
676,100,5,14
686,85,6,13
696,85,6,13
706,75,5,14
716,75,5,14
727,100,5,14
737,100,5,14
747,100,5,15
757,100,5,15
767,100,5,16
778,100,5,16
788,100,5,17
798,100,5,17
808,75,5,17
818,75,5,17
828,75,5,18
839,75,5,18
849,75,5,19
859,75,5,19
869,100,5,19
880,100,5,19
890,100,5,18
900,100,5,18
910,100,5,19
920,100,5,19
931,75,5,19
941,75,5,19
951,75,5,20
961,75,5,20
971,75,5,21
981,75,5,21
992,75,5,22
1002,100,5,21
1012,100,5,22
1022,100,5,22
1032,100,5,23
1042,100,5,23
1053,100,5,24
1063,75,5,23
1073,75,5,24
1083,100,5,22
1093,100,5,23
1103,100,5,23
1114,100,5,24
1124,100,5,23
1134,100,5,24
1144,100,5,24
1154,100,5,25
1164,100,5,25
1174,100,5,26
1185,100,5,26
1195,100,5,27
1205,75,5,26
1215,75,5,27
1225,75,5,27
1236,75,5,28
1246,75,5,28
1256,75,5,29
1266,100,5,28
1276,100,5,29
1286,75,5,27
1297,75,5,28
1307,75,5,28
1317,75,5,29
1327,100,5,28
1337,100,5,29
1347,100,5,29
1358,100,5,30
1368,100,5,30
1379,100,5,31
1389,100,5,32
1399,100,5,32
1409,100,5,32
1420,100,5,32
1430,100,5,33
1440,100,5,33
1452,100,5,34
1466,65,4,34
1477,75,5,34
1487,100,5,32
1497,100,5,33
1510,100,5,34
1520,100,5,34
1530,75,5,34
1540,75,5,34
1550,75,5,35
1560,75,5,35
1571,75,5,36
1581,75,5,36
1591,75,5,37
1601,75,5,37
1612,100,5,37
1622,100,5,37
1632,100,5,38
1642,100,5,38
1652,100,5,39
1663,100,5,39
1673,100,5,39
1683,100,5,39
1693,100,5,38
1703,100,5,38
1713,100,5,39
1724,100,5,38
1734,100,5,39
1744,100,5,39
1754,100,5,40
1764,100,5,40
1774,100,5,41
1785,100,5,41
1795,100,5,42
1805,75,5,41
1815,75,5,42
1825,75,5,42
1836,75,5,43
1846,75,5,43
1856,75,5,44
1866,75,5,44
1878,100,5,44
1889,75,5,42
1905,75,5,43
1916,75,5,44
1926,100,5,43
1936,100,5,44
1946,100,5,44
1956,100,5,45
1966,100,5,45
1977,100,5,46
1987,100,5,46
1997,100,5,47
2007,100,5,46
2017,100,5,47
2027,100,5,47
2037,100,5,48
2048,100,5,48
2058,100,5,49
2068,75,5,48
2078,75,5,49
2089,100,5,47
2099,100,5,48
2109,100,5,48
2119,100,5,49
2129,75,5,48
2139,75,5,49
2149,75,5,49
2160,75,5,50
2170,75,5,50
2180,75,5,51
2190,75,5,51
2200,75,5,52
2210,100,5,51
2221,100,5,52
2231,100,5,52
2241,100,5,53
2251,100,5,53
2261,100,5,54
2272,100,5,53
2282,100,5,54
2292,100,5,52
2302,100,5,53
2312,100,5,53
2323,100,5,54
2333,100,5,53
2344,100,5,54
2354,100,5,55
2364,100,5,55
2375,100,5,56
2386,100,5,56
2396,100,5,57
2406,75,5,56
2416,75,5,57
2426,75,5,57
2436,75,5,58
2447,75,5,58
2457,75,5,59
2468,75,5,59
2479,100,5,59
2489,100,5,57
2499,100,5,58
2509,100,5,58
2519,100,5,59
2529,100,5,58
2539,100,5,59
2550,100,5,59
2564,100,5,60
2577,100,5,61
2588,100,5,61
2598,100,5,62
2610,100,5,61
2620,100,5,62
2630,100,5,62
2640,100,5,63
2650,100,5,63
2661,100,5,64
2671,100,5,64
2682,75,5,64
2692,100,5,62
2702,100,5,63
2712,100,5,63
2722,100,5,64
2732,100,5,63
2743,100,5,64
2753,100,5,64
2763,100,5,65
2773,100,5,65
2783,100,5,66
2794,100,5,66
2804,100,5,66
2814,100,5,66
2824,100,5,67
2835,100,5,67
2846,100,5,68
2856,100,5,68
2866,100,5,69
2879,100,5,69
2889,75,5,67
2900,75,5,68
2910,75,5,68
2922,75,5,69
2932,100,5,68
2942,100,5,69
2953,100,5,69
2963,100,5,70
2974,100,5,70
2987,100,5,71
2998,100,5,71
3008,100,5,71
3018,100,5,71
3029,100,5,72
3039,100,5,72
3049,100,5,73
3059,100,5,73
3069,100,5,74
3080,100,5,73
3090,100,5,72
3100,100,5,72
3110,100,5,73
3120,100,5,74
3130,75,5,73
3141,75,5,74
3151,75,5,74
3161,75,5,75
3171,75,5,75
3181,75,5,76
3191,75,5,76
3202,75,5,77
3212,100,5,76
3222,100,5,77
3232,100,5,77
3242,100,5,78
3252,100,5,78
3263,100,5,79
3273,100,5,79
3283,100,5,79
3293,100,5,77
3304,100,5,78
3314,100,5,78
3324,100,5,79
3334,100,5,78
3344,100,5,79
3354,100,5,79
3364,100,5,80
3375,100,5,80
3385,100,5,81
3395,100,5,81
3405,75,5,81
3415,75,5,81
3426,75,5,82
3436,75,5,82
3446,75,5,83
3456,75,5,83
3466,75,5,84
3477,100,5,83
3487,100,5,84
3497,100,5,82
3507,100,5,83
3517,100,5,83
3527,100,5,83
3539,100,5,83
3552,100,5,84
3562,100,5,84
3572,100,5,85
3588,100,5,86
3598,100,5,86
3608,100,5,86
3618,100,5,86
3629,100,5,87
3639,100,5,87
3649,100,5,88
3659,100,5,88
3669,100,5,89
3679,75,5,88
3689,100,5,87
3700,100,5,87
3710,100,5,88
3720,100,5,88
3730,100,5,88
3740,100,5,88
3750,100,5,89
3761,100,5,89
3771,100,5,90
3781,100,5,90
3791,100,5,91
3801,100,5,91
3812,100,5,91
3822,100,5,91
3832,100,5,92
3842,100,5,92
3852,100,5,93
3862,100,5,93
3873,100,5,94
3883,100,5,93
3893,75,5,92
3903,75,5,92
3914,75,5,93
3926,75,5,93
3937,100,5,93
3947,100,5,94
3957,100,5,94
3969,100,5,95
3980,100,5,95
3990,100,5,96
4001,100,5,96
4011,100,5,96
4021,100,5,96
4031,100,5,97
4041,100,5,97
4052,100,5,98
4062,100,5,98
4072,100,5,99
4082,100,5,98
4092,100,5,97
4103,100,5,97
4113,100,5,98
4123,100,5,98
4133,75,5,98
4143,75,5,98
4154,75,5,99
4164,75,5,99
4174,75,5,100
4184,75,5,100
4194,75,5,101
4205,75,5,101
4215,100,5,101
4225,100,5,101
4235,100,5,102
4245,100,5,102
4255,100,5,103
4266,100,5,103
4276,100,5,103
4286,100,5,103
4296,100,5,102
4306,100,5,102
4316,100,5,103
4327,100,5,103
4337,100,5,103
4347,100,5,103
4357,100,5,104
4367,100,5,104
4378,100,5,105
4388,100,5,105
4398,100,5,106
4408,75,5,106
4418,75,5,106
4428,75,5,107
4439,75,5,107
4449,75,5,108
4459,75,5,108
4469,75,5,109
4479,100,5,108
4489,100,5,109
4500,100,5,107
4510,100,5,108
4520,100,5,108
4530,100,5,109
4540,100,5,108
4551,100,5,109
4561,100,5,109
4571,100,5,110
4581,100,5,110
4591,100,5,111
4601,100,5,111
4612,100,5,111
4622,100,5,111
4632,100,5,112
4642,100,5,112
4652,100,5,113
4662,100,5,113
4673,100,5,114
4683,75,5,113
4693,100,5,112
4703,100,5,112
4713,100,5,113
4723,100,5,113
4734,100,5,113
4744,100,5,113
4754,100,5,114
4764,100,5,114
4774,100,5,115
4784,100,5,115
4795,100,5,116
4805,100,5,116
4815,100,5,116
4825,100,5,116
4835,100,5,117
4846,100,5,117
4856,100,5,118
4866,100,5,118
4878,100,5,118
4888,100,5,118
4898,75,5,117
4908,75,5,117
4918,75,5,118
4929,75,5,118
4939,100,5,118
4949,100,5,118
4959,100,5,119
4969,100,5,119
4979,100,5,120
4990,100,5,120
5001,100,5,121
5011,100,5,120
5021,100,5,121
5031,100,5,122
5042,100,5,122
5052,100,5,123
5062,100,5,123
5072,100,5,124
5082,100,5,123
5093,100,5,122
5103,100,5,122
5113,100,5,123
5123,100,5,123
5133,75,5,123
5143,75,5,123
5154,75,5,124
5164,75,5,124
5174,75,5,125
5184,75,5,125
5194,75,5,126
5204,75,5,126
5215,100,5,126
5225,100,5,126
5235,100,5,127
5245,100,5,127
5255,100,5,128
5265,100,5,128
5276,100,5,128
5286,100,5,128
5296,100,5,127
5306,100,5,127
5316,100,5,128
5327,100,5,128
5337,100,5,128
5347,100,5,128
5357,100,5,129
5367,100,5,129
5378,100,5,130
5388,100,5,130
5398,100,5,131
5408,75,5,130
5419,75,5,131
5429,75,5,131
5439,75,5,132
5449,75,5,132
5460,75,5,133
5470,75,5,133
5480,100,5,133
5490,100,5,133
5500,100,5,132
5511,100,5,132
5521,100,5,133
5531,100,5,133
5541,100,5,133
5551,100,5,133
5561,100,5,134
5572,100,5,134
5582,100,5,135
5592,100,5,135
5603,100,5,136
5615,100,5,136
5626,100,5,136
5636,100,5,137
5647,100,5,137
5657,100,5,138
5668,100,5,138
5678,75,5,138
5689,75,5,138
5699,100,5,137
5709,100,5,137
5719,100,5,138
5729,100,5,138
5739,100,5,138
5750,100,5,138
5760,100,5,139
5770,100,5,139
5780,100,5,140
5790,100,5,140
5801,100,5,141
5811,100,5,140
5821,100,5,141
5831,100,5,141
5841,100,5,142
5851,100,5,142
5862,100,5,143
5872,100,5,143
5882,100,5,143
5892,75,5,141
5903,75,5,142
5913,75,5,142
5923,75,5,143
5933,75,5,143
5943,100,5,143
5954,100,5,143
5964,100,5,144
5974,100,5,144
5985,100,5,145
5995,100,5,145
6005,100,5,146
6016,100,5,145
6028,100,5,146
6039,100,5,147
6049,100,5,147
6059,100,5,148
6069,100,5,148
6079,100,5,148
6090,100,5,148
6100,100,5,147
6110,100,5,147
6120,100,5,148
6130,100,5,148
6141,75,5,148
6151,75,5,148
6161,75,5,149
6171,75,5,149
6181,75,5,150
6191,75,5,150
6202,75,5,151
6212,100,5,150
6222,100,5,151
6232,100,5,151
6242,100,5,152
6253,100,5,152
6263,100,5,153
6273,100,5,153
6283,100,5,153
6294,100,5,151
6304,100,5,152
6314,100,5,152
6324,100,5,153
6334,100,5,152
6345,100,5,153
6355,100,5,153
6365,100,5,154
6375,100,5,154
6386,100,5,155
6396,100,5,155
6406,100,5,156
6416,75,5,155
6426,75,5,156
6436,75,5,156
6447,75,5,157
6457,75,5,157
6467,75,5,158
6477,100,5,157
6487,100,5,158
6498,100,5,156
6508,100,5,157
6518,100,5,157
6528,100,5,158
6538,100,5,157
6549,100,5,158
6559,100,5,158
6569,100,5,159
6579,100,5,159
6589,100,5,160
6599,100,5,160
6610,100,5,160
6620,100,5,160
6630,100,5,161
6640,100,5,161
6650,100,5,162
6660,100,5,162
6671,100,5,163
6681,75,5,162
6691,75,5,163
6701,100,5,162
6711,100,5,162
6721,100,5,163
6732,100,5,163
6742,100,5,163
6752,100,5,163
6762,100,5,164
6773,100,5,164
6783,100,5,165
6793,100,5,165
6803,100,5,166
6813,100,5,165
6823,100,5,166
6834,100,5,166
6844,100,5,167
6854,100,5,167
6864,100,5,168
6874,100,5,168
6885,100,5,168
6895,75,5,166
6905,75,5,167
6915,75,5,167
6925,75,5,168
6936,100,5,167
6946,100,5,168
6956,100,5,168
6966,100,5,169
6976,100,5,169
6987,100,5,170
6997,100,5,170
7007,100,5,171
7017,100,5,170
7027,100,5,171
7038,100,5,171
7048,100,5,172
7058,100,5,172
7068,100,5,173
7078,100,5,172
7088,100,5,173
7099,100,5,171
7109,100,5,172
7119,100,5,172
7129,100,5,173
7139,75,5,172
7149,75,5,173
7160,75,5,173
7170,75,5,174
7180,75,5,174
7190,75,5,175
7200,75,5,175
7210,100,5,175
7221,100,5,175
7231,100,5,176
7241,100,5,176
7251,100,5,177
7261,100,5,177
7271,100,5,178
7282,100,5,177
7292,100,5,176
7302,100,5,176
7312,100,5,177
7322,100,5,177
7332,100,5,178
7343,100,5,177
7353,100,5,178
7363,100,5,178
7373,100,5,179
7383,100,5,179
7394,100,5,180
7404,100,5,180
7414,75,5,180
7424,75,5,180
7434,75,5,181
7444,75,5,182
7455,75,5,182
7465,75,5,183
7475,75,5,183
7485,100,5,183
7495,100,5,181
7506,100,5,182
7516,100,5,182
7526,100,5,183
7536,100,5,182
7546,100,5,183
7557,100,5,183
7567,100,5,184
7577,100,5,184
7587,100,5,185
7597,100,5,185
7608,100,5,186
7618,100,5,185
7628,100,5,186
7638,100,5,186
7648,100,5,187
7659,100,5,187
7669,100,5,188
7681,75,5,187
7692,75,5,186
7702,75,5,186
7713,75,5,187
7724,75,5,187
7738,100,5,187
7748,100,5,187
7759,100,5,188
7769,100,5,189
7779,100,5,189
7789,100,5,190
7799,100,5,190
7810,100,5,190
7820,100,5,190
7831,100,5,191
7841,100,5,191
7851,100,5,192
7861,100,5,192
7871,100,5,193
7882,100,5,193
7892,100,5,193
7902,100,5,191
7912,100,5,192
7922,100,5,192
7932,100,5,193
7943,75,5,192
7953,75,5,193
7963,75,5,193
7973,75,5,194
7983,75,5,194
7994,75,5,195
8004,75,5,195
8014,100,5,195
8024,100,5,195
8034,100,5,196
8044,100,5,196
8055,100,5,197
8069,100,5,197
8079,100,5,198
8090,100,5,197
8100,100,5,196
8110,100,5,196
8124,100,5,197
8134,100,5,198
8144,100,5,197
8154,100,5,198
8165,100,5,198
8175,100,5,199
8185,100,5,199
8195,100,5,200
8205,100,5,200
8216,75,5,200
8226,75,5,200
8236,75,5,201
8246,75,5,201
8257,75,5,202
8267,75,5,202
8277,75,5,203
8287,100,5,202
8298,100,5,201
8308,100,5,201
8318,100,5,202
8328,100,5,202
8339,100,5,202
8349,100,5,202
8359,100,5,203
8370,100,5,203
8381,100,5,204
8391,100,5,204
8401,100,5,205
8412,100,5,204
8422,100,5,205
8432,100,5,205
8442,100,5,206
8452,100,5,206
8463,100,5,207
8473,100,5,207
8483,75,5,207
8493,100,5,205
8503,100,5,206
8513,100,5,206
8523,100,5,207
8534,100,5,207
8544,100,5,207
8554,100,5,207
8564,100,5,208
8574,100,5,208
8585,100,5,209
8595,100,5,210
8605,100,5,210
8615,100,5,210
8625,100,5,210
8636,100,5,211
8646,100,5,211
8656,100,5,212
8666,100,5,212
8676,100,5,213
8686,100,5,212
8697,75,5,211
8707,75,5,211
8717,75,5,212
8727,75,5,212
8737,100,5,212
8747,100,5,212
8757,100,5,213
8768,100,5,213
8778,100,5,214
8788,100,5,214
8798,100,5,215
8808,100,5,215
8818,100,5,215
8828,100,5,215
8839,100,5,216
8849,100,5,216
8859,100,5,217
8869,100,5,217
8879,100,5,218
8890,100,5,217
8900,100,5,216
8910,100,5,216
8920,100,5,217
8930,100,5,217
8940,75,5,217
8951,75,5,217
8961,75,5,218
8971,75,5,218
8981,75,5,219
8992,75,5,219
9002,75,5,220
9012,100,5,219
9022,100,5,220
9032,100,5,220
9042,100,5,221
9053,100,5,221
9063,100,5,222
9073,100,5,222
9083,100,5,223
9093,100,5,220
9103,100,5,221
9114,100,5,221
9124,100,5,222
9134,100,5,222
9144,100,5,222
9154,100,5,222
9164,100,5,223
9175,100,5,223
9185,100,5,224
9195,100,5,224
9205,100,5,225
9215,75,5,224
9225,75,5,225
9236,75,5,225
9246,75,5,226
9256,75,5,226
9266,75,5,227
9276,75,5,227
9286,100,5,227
9296,100,5,225
9307,100,5,226
9317,100,5,226
9327,100,5,227
9337,100,5,226
9347,100,5,227
9357,100,5,227
9368,100,5,228
9378,100,5,228
9388,100,5,229
9398,100,5,230
9408,100,5,230
9419,100,5,230
9429,100,5,230
9439,100,5,231
9449,100,5,231
9459,100,5,232
9470,100,5,232
9480,100,5,233
9490,75,5,232
9500,100,5,231
9510,100,5,231
9521,100,5,232
9531,100,5,232
9541,100,5,232
9551,100,5,232
9561,100,5,233
9571,100,5,233
9582,100,5,234
9592,100,5,234
9602,100,5,235
9612,100,5,235
9622,100,5,235
9632,100,5,235
9642,100,5,236
9653,100,5,236
9663,100,5,237
9673,100,5,237
9683,100,5,238
9693,100,5,237
9704,75,5,236
9714,75,5,236
9724,75,5,237
9734,75,5,237
9744,100,5,237
9756,100,5,237
9766,100,5,238
9779,100,5,238
9791,100,5,239
9807,100,5,240
9817,100,5,239
9828,100,5,240
9838,100,5,240
9848,100,5,241
9858,100,5,241
9869,100,5,242
9879,100,5,242
9889,100,5,242
9899,75,5,240
9909,75,5,241
9919,75,5,241
9929,75,5,242
9940,75,5,241
9950,75,5,242
9960,75,5,242
9970,75,5,243
9981,75,5,243
9991,75,5,244
10001,75,5,244
10011,75,5,245
10021,100,5,244
10031,100,5,245
10042,100,5,245
10052,100,5,246
10062,100,5,246
10072,100,5,247
10082,100,5,248
10093,100,5,247
10103,100,5,246
10113,100,5,246
10123,100,5,247
10133,100,5,247
10144,75,5,247
10154,75,5,247
10165,75,5,248
10175,75,5,248
10191,75,5,249
10201,75,5,249
10211,75,5,250
10221,75,5,249
10232,75,5,250
10242,75,5,250
10252,75,5,251
10262,75,5,251
10272,75,5,252
10282,75,5,252
10292,100,5,252
10303,100,5,250
10313,100,5,251
10323,100,5,251
10333,100,5,252
10343,100,5,251
10353,100,5,252
10364,100,5,252
10374,100,5,253
10384,100,5,253
10394,100,5,254
10404,100,5,254
10414,75,5,254
10425,75,5,254
10435,75,5,255
10445,75,5,255
10455,75,5,256
10465,75,5,256
10475,75,5,257
10486,75,5,257
10496,100,5,255
10506,100,5,255
10516,100,5,256
10526,100,5,256
10536,100,5,257
10547,100,5,256
10557,100,5,257
10567,100,5,257
10577,100,5,258
10587,100,5,258
10598,100,5,259
10608,100,5,259
10618,100,5,259
10628,100,5,259
10638,100,5,260
10648,100,5,260
10659,100,5,261
10669,100,5,261
10679,100,5,262
10689,75,5,261
10699,100,5,260
10709,100,5,260
10719,100,5,261
10730,100,5,261
10740,100,5,261
10750,100,5,261
10760,100,5,262
10770,100,5,262
10780,100,5,263
10791,100,5,263
10801,100,5,264
10811,100,5,264
10821,100,5,264
10831,100,5,264
10841,100,5,265
10852,100,5,265
10862,100,5,266
10872,100,5,266
10882,100,5,267
10892,100,5,266
10902,75,5,265
10913,75,5,265
10923,75,5,266
10933,75,5,266
10943,100,5,266
10953,100,5,266
10964,100,5,267
10974,100,5,268
10984,100,5,268
10994,100,5,269
11004,100,5,269
11014,100,5,269
11025,100,5,269
11035,100,5,270
11045,100,5,270
11055,100,5,271
11065,100,5,271
11075,100,5,272
11086,100,5,272
11096,100,5,270
11106,100,5,270
11116,100,5,271
11127,100,5,271
11137,100,5,272
11147,75,5,271
11157,75,5,272
11167,75,5,272
11177,75,5,273
11188,75,5,273
11198,75,5,274
11208,75,5,274
11218,100,5,274
11228,100,5,274
11238,100,5,275
11249,100,5,275
11259,100,5,276
11269,100,5,276
11279,100,5,277
11289,100,5,276
11299,100,5,275
11309,100,5,275
11320,100,5,276
11330,100,5,276
11340,100,5,276
11350,100,5,276
11360,100,5,277
11370,100,5,277
11380,100,5,278
11391,100,5,278
11401,100,5,279
11411,100,5,279
11421,75,5,279
11431,75,5,279
11441,75,5,280
11453,75,5,280
11464,75,5,281
11474,75,5,281
11484,75,5,282
11494,100,5,281
11504,100,5,280
11515,100,5,280
11525,100,5,281
11535,100,5,281
11545,100,5,281
11555,100,5,281
11565,100,5,282
11576,100,5,282
11586,100,5,283
11596,100,5,283
11606,100,5,284
11616,100,5,283
11626,100,5,284
11637,100,5,285
11647,100,5,285
11657,100,5,286
11667,100,5,286
11677,100,5,287
11687,100,5,287
11698,100,5,285
11708,100,5,285
11718,100,5,286
11728,100,5,286
11740,100,5,286
11750,100,5,286
11761,100,5,287
11771,100,5,287
11781,100,5,288
11791,100,5,288
11801,100,5,289
11811,100,5,289
11822,100,5,289
11833,100,5,289
11845,100,5,290
11855,100,5,290
11865,100,5,291
11878,100,5,291
11888,100,5,291
11898,75,5,289
11908,75,5,290
11919,75,5,290
11929,75,5,291
11939,75,5,291
11949,100,5,291
11959,100,5,291
11969,100,5,292
11979,100,5,292
11990,100,5,293
12000,100,5,293
12010,100,5,294
12020,100,5,293
12030,100,5,294
12040,100,5,294
12050,100,5,295
12061,100,5,295
12071,100,5,296
12081,100,5,296
12091,100,5,296
12101,100,5,294
12111,100,5,295
12122,100,5,295
12132,100,5,296
12142,75,5,295
12152,75,5,296
12162,75,5,296
12172,75,5,297
12183,75,5,297
12193,75,5,298
12203,75,5,298
12215,75,5,299
12229,100,5,298
12240,100,5,299
12250,100,5,300
12264,100,5,300
12274,100,5,301
12285,100,5,301
12295,100,5,301
12305,100,5,299
12315,100,5,300
12325,100,5,300
12335,100,5,301
12345,100,5,300
12356,100,5,301
12366,100,5,301
12376,100,5,302
12386,100,5,302
12396,100,5,303
12406,100,5,303
12417,100,5,304
12427,75,5,303
12437,75,5,304
12447,75,5,304
12457,75,5,305
12468,75,5,305
12478,75,5,306
12488,75,5,306
12498,100,5,304
12508,100,5,304
12518,100,5,305
12529,100,5,305
12539,100,5,306
12549,100,5,305
12559,100,5,306
12569,100,5,306
12579,100,5,307
12590,100,5,307
12600,100,5,308
12610,100,5,308
12620,100,5,308
12630,100,5,308
12640,100,5,309
12651,100,5,309
12661,100,5,310
12671,100,5,310
12681,100,5,311
12691,75,5,310
12702,100,5,309
12712,100,5,309
12722,100,5,310
12732,100,5,310
12742,100,5,310
12752,100,5,310
12763,100,5,311
12773,100,5,311
12783,100,5,312
12793,100,5,313
12803,100,5,313
12813,100,5,314
12823,100,5,313
12834,100,5,314
12844,100,5,314
12854,100,5,315
12864,100,5,315
12874,100,5,316
12884,100,5,316
12895,100,5,316
12905,75,5,314
12915,75,5,315
12925,75,5,315
12935,75,5,316
12946,100,5,315
12956,100,5,316
12966,100,5,316
12976,100,5,317
12986,100,5,317
12996,100,5,318
13006,100,5,318
13017,100,5,319
13027,100,5,318
13037,100,5,319
13047,100,5,319
13057,100,5,320
13068,100,5,320
13079,100,5,321
13089,100,5,321
13099,100,5,319
13109,100,5,319
13119,100,5,320
13129,100,5,320
13139,100,5,321
13150,75,5,320
13160,75,5,321
13170,75,5,321
13181,75,5,322
13191,75,5,322
13201,75,5,323
13211,75,5,323
13221,100,5,323
13231,100,5,323
13241,100,5,324
13252,100,5,324
13262,100,5,325
13272,100,5,325
13282,100,5,326
13293,100,5,325
13303,100,5,324
13313,100,5,324
13323,100,5,325
13333,100,5,325
13343,100,5,325
13353,100,5,325
13364,100,5,326
13374,100,5,326
13385,100,5,327
13395,100,5,327
13405,100,5,328
13415,100,5,328
13425,75,5,328
13435,75,5,328
13446,75,5,329
13456,75,5,329
13467,75,5,330
13477,75,5,331
13487,75,5,331
13497,100,5,330
13507,100,5,329
13517,100,5,329
13527,100,5,330
13538,100,5,330
13548,100,5,330
13558,100,5,331
13568,100,5,331
13578,100,5,332
13588,100,5,332
13599,100,5,333
13609,100,5,333
13619,100,5,334
13629,100,5,333
13639,100,5,334
13649,100,5,334
13659,100,5,335
13670,100,5,335
13680,100,5,336
13690,100,5,336
13700,100,5,334
13710,100,5,334
13721,100,5,335
13731,100,5,335
13742,100,5,336
13752,100,5,335
13762,100,5,336
13772,100,5,336
13782,100,5,337
13792,100,5,337
13803,100,5,338
13813,100,5,338
13823,100,5,338
13833,100,5,338
13843,100,5,339
13853,100,5,339
13863,100,5,340
13874,100,5,340
13884,100,5,341
13894,100,5,340
13904,75,5,339
13915,75,5,339
13925,75,5,340
13935,75,5,340
13947,100,5,340
13958,100,5,340
13968,100,5,341
13978,100,5,341
13988,100,5,342
13998,100,5,342
14009,100,5,343
14019,100,5,343
14029,100,5,343
14039,100,5,343
14050,100,5,344
14060,100,5,344
14070,100,5,345
14080,100,5,346
14090,100,5,346
14101,100,5,345
14111,75,5,344
14121,75,5,345
14131,75,5,345
14141,75,5,346
14151,75,5,345
14162,75,5,346
14172,75,5,346
14182,75,5,347
14192,75,5,347
14202,75,5,348
14212,75,5,348
14223,100,5,348
14233,100,5,348
14243,100,5,349
14253,100,5,349
14263,100,5,350
14275,100,5,350
14285,100,5,351
14306,90,4,350
14316,100,5,349
14328,100,5,350
14340,100,5,350
14350,75,5,350
14361,75,5,350
14371,75,5,351
14381,75,5,351
14391,75,5,352
14401,75,5,352
14411,75,5,353
14421,75,5,352
14432,75,5,353
14442,75,5,353
14452,75,5,354
14462,75,5,354
14472,75,5,355
14483,75,5,355
14493,75,5,356
14503,100,5,355
14513,100,5,354
14523,100,5,354
14533,100,5,355
14544,100,5,355
14554,100,5,355
14564,100,5,355
14574,100,5,356
14584,100,5,356
14595,100,5,357
14605,100,5,357
14615,100,5,358
14625,75,5,357
14635,75,5,358
14645,75,5,359
14656,75,5,359
14666,75,5,360
14676,75,5,360
14686,75,5,361
14696,75,5,360
14707,100,5,359
14717,100,5,359
14727,100,5,360
14737,100,5,360
14747,100,5,360
14757,100,5,360
14767,100,5,361
14778,100,5,361
14788,100,5,362
14798,100,5,362
14808,100,5,363
14818,100,5,363
14828,100,5,363
14839,100,5,363
14849,100,5,364
14859,100,5,364
14869,100,5,365
14879,100,5,365
14890,100,5,366
14900,75,5,365
14910,100,5,364
14920,100,5,364
14930,100,5,365
14940,100,5,365
14951,100,5,365
14961,100,5,365
14971,100,5,366
14981,100,5,366
14991,100,5,367
15002,100,5,367
15012,100,5,368
15022,100,5,367
15032,100,5,368
15042,100,5,368
15052,100,5,369
15063,100,5,369
15073,100,5,370
15083,100,5,370
15093,100,5,371
15103,100,5,370
15113,75,5,369
15124,75,5,369
15134,75,5,370
15144,75,5,370
15154,100,5,370
15164,100,5,370
15175,100,5,371
15185,100,5,371
15195,100,5,372
15205,100,5,372
15215,100,5,373
15225,100,5,372
15236,100,5,373
15246,100,5,373
15256,100,5,374
15266,100,5,374
15276,100,5,375
15286,100,5,375
15297,100,5,375
15307,75,5,373
15317,75,5,374
15327,75,5,374
15337,75,5,375
15347,75,5,374
15358,75,5,375
15368,75,5,375
15378,75,5,376
15388,75,5,376
15398,75,5,377
15408,75,5,378
15419,75,5,378
15429,100,5,378
15439,100,5,378
15449,100,5,379
15459,100,5,379
15470,100,5,380
15480,100,5,380
15490,100,5,381
15500,100,5,380
15510,100,5,379
15520,100,5,379
15530,100,5,380
15541,100,5,380
15551,75,5,380
15561,75,5,380
15571,75,5,381
15581,75,5,381
15592,75,5,382
15602,75,5,382
15612,75,5,383
15622,75,5,383
15632,75,5,383
15643,75,5,383
15653,75,5,384
15663,75,5,384
15673,75,5,385
15683,75,5,385
15694,75,5,386
15704,100,5,385
15714,100,5,384
15724,100,5,384
15734,100,5,385
15745,100,5,385
15755,100,5,385
15765,100,5,385
15775,100,5,386
15785,100,5,386
15795,100,5,387
15805,100,5,387
15816,100,5,388
15826,75,5,387
15836,75,5,388
15846,75,5,388
15856,75,5,389
15866,75,5,389
15877,75,5,390
15887,75,5,390
15897,75,5,390
15907,100,5,388
15917,100,5,389
15927,100,5,389
15937,100,5,390
15948,100,5,389
15958,100,5,390
15969,100,5,390
15980,100,5,391
15990,100,5,391
16000,100,5,392
16011,100,5,392
16022,100,5,393
16032,100,5,393
16042,100,5,393
16052,100,5,394
16063,100,5,394
16073,100,5,395
16084,100,5,395
16094,100,5,396
16104,75,5,395
16114,100,5,394
16124,100,5,394
16134,100,5,395
16145,100,5,395
16155,100,5,395
16165,100,5,395
16175,100,5,396
16185,100,5,396
16196,100,5,397
16206,100,5,397
16216,100,5,398
16226,100,5,397
16236,100,5,398
16247,100,5,398
16257,100,5,399
16267,100,5,399
16277,100,5,400
16288,100,5,400
16298,100,5,400
16308,75,5,398
16318,75,5,399
16329,75,5,399
16339,75,5,400
16349,100,5,399
16361,100,5,400
16371,100,5,400
16382,100,5,401
16394,100,5,401
16406,100,5,402
16416,100,5,403
16427,100,5,402
16437,100,5,403
16447,100,5,403
16457,100,5,404
16468,100,5,404
16479,100,5,405
16489,100,5,405
16499,100,5,405
16509,100,5,403
16519,100,5,404
16530,100,5,404
16540,100,5,405
16550,75,5,404
16560,75,5,405
16570,75,5,405
16580,75,5,406
16590,75,5,406
16601,75,5,407
16611,75,5,407
16621,75,5,408
16631,100,5,407
16641,100,5,408
16651,100,5,408
16662,100,5,409
16672,100,5,409
16682,100,5,410
16692,100,5,410
16703,100,5,410
16713,100,5,408
16723,100,5,409
16733,100,5,409
16743,100,5,410
16753,100,5,409
16763,100,5,410
16774,100,5,410
16784,100,5,411
16794,100,5,411
16804,100,5,412
16814,100,5,412
16824,75,5,412
16835,75,5,412
16845,75,5,413
16855,75,5,413
16865,75,5,414
16875,75,5,414
16886,75,5,415
16896,75,5,415
16906,100,5,415
16916,100,5,413
16927,100,5,414
16937,100,5,414
16947,100,5,414
16957,100,5,415
16967,100,5,415
16978,100,5,416
16988,100,5,416
16998,100,5,417
17008,100,5,417
17018,100,5,418
17028,100,5,417
17039,100,5,418
17049,100,5,418
17059,100,5,419
17069,100,5,419
17080,100,5,420
17090,100,5,420
17100,75,5,420
17110,100,5,418
17120,100,5,419
17131,100,5,419
17141,100,5,420
17151,100,5,419
17161,100,5,420
17171,100,5,420
17181,100,5,421
17192,100,5,421
17202,100,5,422
17212,100,5,422
17222,100,5,423
17232,100,5,422
17242,100,5,423
17252,100,5,423
17263,100,5,424
17273,100,5,424
17283,100,5,425
17293,100,5,425
17303,100,5,425
17313,75,5,423
17323,75,5,424
17334,75,5,424
17344,75,5,425
17354,100,5,424
17364,100,5,425
17374,100,5,425
17384,100,5,426
17394,100,5,426
17405,100,5,427
17415,100,5,427
17425,100,5,427
17435,100,5,427
17445,100,5,428
17455,100,5,428
17466,100,5,429
17476,100,5,429
17486,100,5,430
17496,100,5,430
17507,100,5,430
17517,100,5,428
17527,100,5,429
17537,100,5,429
17547,75,5,429
17557,75,5,429
17568,75,5,430
17578,75,5,430
17588,75,5,431
17598,75,5,431
17608,75,5,432
17619,75,5,432
17629,100,5,432
17639,100,5,432
17649,100,5,433
17659,100,5,433
17670,100,5,434
17680,100,5,434
17690,100,5,435
17700,100,5,434
17710,100,5,433
17721,100,5,434
17731,100,5,434
17741,100,5,435
17751,100,5,434
17761,100,5,435
17771,100,5,435
17782,100,5,436
17792,100,5,436
17802,100,5,437
17812,100,5,437
17822,100,5,438
17832,75,5,437
17843,75,5,438
17853,75,5,438
17863,75,5,439
17873,75,5,439
17883,75,5,440
17894,75,5,440
17904,100,5,440
17914,100,5,438
17924,100,5,439
17934,100,5,439
17944,100,5,440
17955,100,5,439
17965,100,5,440
17975,100,5,440
17985,100,5,441
17995,100,5,441
18006,100,5,442
18016,100,5,442
18026,100,5,442
18036,100,5,442
18049,100,5,443
18060,100,5,443
18070,100,5,444
18080,100,5,444
18091,100,5,445
18101,75,5,444
18111,100,5,443
18122,100,5,443
18132,100,5,444
18142,100,5,444
18152,100,5,444
18162,100,5,444
18172,100,5,445
18183,100,5,445
18193,100,5,446
18203,100,5,446
18213,100,5,447
18223,100,5,447
18234,100,5,447
18244,100,5,447
18254,100,5,448
18264,100,5,448
18274,100,5,449
18284,100,5,449
18295,100,5,450
18305,100,5,449
18315,75,5,448
18325,75,5,448
18335,75,5,449
18346,75,5,449
18356,100,5,449
18366,100,5,449
18376,100,5,450
18387,100,5,450
18397,100,5,451
18407,100,5,451
18417,100,5,452
18428,100,5,452
18438,100,5,452
18452,100,5,453
18462,100,5,453
18472,100,5,454
18482,100,5,454
18494,100,5,455
18505,100,5,454
18517,100,5,453
18527,100,5,453
18537,100,5,454
18548,75,5,453
18558,75,5,454
18568,75,5,454
18578,75,5,455
18590,75,5,455
18600,75,5,456
18610,75,5,457
18621,75,5,457
18631,100,5,456
18641,100,5,457
18651,100,5,457
18661,100,5,458
18671,100,5,459
18682,100,5,459
18692,100,5,460
18702,100,5,459
18712,100,5,460
18722,100,5,458
18732,100,5,459
18743,100,5,459
18753,100,5,459
18763,100,5,459
18773,100,5,460
18784,100,5,460
18794,100,5,461
18804,100,5,461
18815,100,5,462
18825,100,5,462
18835,75,5,462
18845,75,5,462
18855,75,5,463
18865,75,5,463
18875,75,5,464
18886,75,5,464
18896,75,5,465
18906,100,5,464
18916,100,5,465
18926,100,5,463
18936,100,5,464
18946,100,5,464
18957,100,5,464
18967,100,5,464
18977,100,5,465
18987,100,5,465
18997,100,5,466
19008,100,5,466
19019,100,5,467
19029,100,5,466
19039,100,5,467
19049,100,5,467
19059,100,5,468
19070,100,5,468
19080,100,5,469
19090,100,5,469
19100,75,5,469
19110,75,5,469
19120,100,5,468
19131,100,5,468
19141,100,5,469
19151,100,5,468
19161,100,5,469
19173,100,5,469
19184,100,5,470
19194,100,5,470
19204,100,5,471
19214,100,5,472
19224,100,5,472
19235,100,5,472
19245,100,5,472
19255,100,5,473
19265,100,5,473
19275,100,5,474
19285,100,5,474
19296,100,5,475
19306,100,5,474
19316,100,5,475
19326,75,5,473
19336,75,5,474
19346,75,5,474
19357,100,5,474
19367,100,5,474
19377,100,5,475
19387,100,5,475
19397,100,5,476
19407,100,5,476
19417,100,5,477
19428,100,5,476
19438,100,5,477
19448,100,5,477
19458,100,5,478
19468,100,5,478
19478,100,5,479
19489,100,5,479
19499,100,5,479
19509,100,5,479
19519,100,5,478
19529,100,5,478
19539,100,5,479
19549,75,5,478
19560,75,5,479
19570,75,5,479
19580,75,5,480
19590,75,5,480
19600,75,5,481
19610,75,5,481
19621,75,5,482
19631,100,5,481
19641,100,5,482
19651,100,5,482
19661,100,5,483
19671,100,5,483
19682,100,5,484
19692,100,5,484
19702,100,5,484
19712,100,5,484
19722,100,5,483
19732,100,5,483
19742,100,5,484
19753,100,5,483
19763,100,5,484
19773,100,5,484
19783,100,5,485
19793,100,5,485
19804,100,5,486
19814,100,5,486
19824,100,5,487
19835,75,5,486
19845,75,5,487
19855,75,5,487
19865,75,5,488
19876,75,5,488
19886,75,5,489
19896,75,5,489
19906,100,5,489
19916,100,5,489
19927,100,5,488
19937,100,5,488
19947,100,5,489
19957,100,5,488
19967,100,5,489
19977,100,5,490
19988,100,5,490
19998,100,5,491
20008,100,5,491
20018,100,5,492
20028,100,5,491
20038,100,5,492
20049,100,5,492
20059,100,5,493
20069,100,5,493
20079,100,5,494
20089,100,5,494
20100,75,5,494
20110,75,5,494
20120,100,5,493
20130,100,5,493
20141,100,5,493
20151,100,5,492
20162,100,5,492
20172,100,5,492
20182,100,5,492
20192,100,5,492
20203,100,5,492
20213,100,5,492
20223,100,5,492
20233,100,5,491
20243,100,5,491
20253,100,5,491
20264,100,5,491
20274,100,5,491
20284,100,5,491
20294,100,5,491
20304,100,5,490
20314,100,5,490
20325,75,5,488
20335,75,5,488
20345,75,5,488
20355,100,5,487
20365,100,5,487
20375,100,5,487
20385,100,5,487
20396,100,5,487
20406,100,5,487
20416,100,5,487
20426,100,5,487
20436,100,5,486
20447,100,5,486
20457,100,5,486
20467,100,5,486
20477,100,5,486
20488,100,5,486
20498,100,5,486
20508,100,5,485
20518,100,5,485
20529,75,5,483
20539,75,5,483
20550,75,5,482
20560,75,5,482
20571,75,5,482
20582,75,5,482
20592,75,5,482
20602,75,5,482
20612,75,5,482
20623,75,5,482
20633,100,5,481
20643,100,5,481
20653,100,5,481
20663,100,5,481
20673,100,5,481
20684,100,5,481
20694,100,5,481
20704,100,5,480
20714,100,5,480
20724,100,5,478
20734,100,5,478
20745,100,5,478
20755,75,5,477
20765,75,5,477
20776,75,5,477
20786,75,5,477
20796,75,5,477
20806,75,5,477
20816,75,5,477
20826,75,5,477
20837,75,5,476
20847,75,5,476
20857,75,5,476
20867,75,5,476
20877,75,5,476
20887,75,5,476
20898,75,5,476
20908,100,5,475
20918,100,5,475
20928,100,5,473
20938,100,5,473
20948,100,5,473
20958,100,5,472
20969,100,5,472
20979,100,5,472
20989,100,5,472
20999,100,5,472
21009,100,5,472
21020,100,5,472
21030,75,5,471
21040,75,5,471
21050,75,5,471
21060,75,5,471
21070,75,5,471
21081,75,5,471
21091,75,5,471
21101,75,5,470
21111,75,5,470
21121,100,5,468
21131,100,5,468
21141,100,5,468
21152,100,5,467
21162,100,5,467
21172,100,5,467
21182,100,5,467
21192,100,5,467
21202,100,5,467
21213,100,5,467
21223,100,5,467
21233,100,5,466
21243,100,5,466
21253,100,5,466
21263,100,5,466
21274,100,5,466
21284,100,5,466
21294,100,5,466
21304,75,5,465
21314,75,5,465
21324,100,5,463
21335,100,5,463
21345,100,5,463
21355,100,5,462
21365,100,5,462
21375,100,5,462
21385,100,5,462
21396,100,5,462
21406,100,5,462
21416,100,5,462
21426,100,5,462
21436,100,5,461
21446,100,5,461
21457,100,5,461
21467,100,5,461
21477,100,5,461
21487,100,5,461
21497,100,5,461
21507,100,5,460
21518,100,5,460
21528,75,5,458
21538,75,5,458
21548,75,5,458
21558,100,5,457
21568,100,5,457
21578,100,5,457
21589,100,5,457
21599,100,5,457
21609,100,5,457
21619,100,5,457
21629,100,5,456
21639,100,5,456
21649,100,5,456
21660,100,5,456
21670,100,5,456
21680,100,5,456
21690,100,5,456
21700,100,5,455
21711,100,5,455
21721,75,5,453
21731,75,5,453
21741,75,5,453
21751,75,5,452
21761,75,5,452
21771,75,5,452
21782,75,5,452
21792,75,5,452
21802,75,5,452
21812,75,5,452
21822,75,5,452
21833,100,5,451
21843,100,5,451
21853,100,5,451
21863,100,5,451
21873,100,5,451
21883,100,5,451
21894,100,5,451
21904,100,5,450
21914,100,5,450
21924,100,5,448
21935,100,5,448
21945,100,5,448
21955,75,5,447
21965,75,5,447
21975,75,5,447
21986,75,5,447
21996,75,5,447
22006,75,5,447
22016,75,5,447
22026,75,5,447
22036,75,5,446
22047,75,5,446
22057,75,5,446
22067,75,5,446
22077,75,5,446
22087,75,5,446
22098,75,5,446
22108,100,5,445
22118,100,5,445
22128,100,5,443
22138,100,5,443
22148,100,5,443
22159,100,5,442
22169,100,5,442
22184,100,5,442
22196,100,5,442
22207,100,5,442
22219,100,5,442
22230,100,5,442
22240,75,5,441
22250,75,5,441
22260,75,5,441
22271,75,5,441
22281,75,5,441
22291,75,5,441
22301,75,5,440
22311,75,5,440
22321,100,5,438
22332,100,5,438
22342,100,5,438
22352,100,5,437
22362,100,5,437
22372,100,5,437
22383,100,5,437
22393,100,5,437
22403,100,5,437
22413,100,5,437
22423,100,5,437
22433,100,5,436
22443,100,5,436
22454,100,5,436
22464,100,5,436
22474,100,5,436
22484,100,5,436
22494,100,5,436
22505,75,5,435
22515,75,5,435
22525,100,5,433
22535,100,5,433
22545,100,5,433
22555,100,5,432
22566,100,5,432
22576,100,5,432
22586,100,5,432
22596,100,5,432
22606,100,5,432
22618,100,5,432
22629,100,5,432
22640,100,5,431
22651,100,5,431
22661,100,5,431
22672,100,5,431
22682,100,5,431
22692,100,5,431
22702,100,5,430
22713,100,5,430
22723,75,5,428
22733,75,5,428
22743,75,5,428
22753,100,5,427
22764,100,5,427
22774,100,5,427
22784,100,5,427
22794,100,5,427
22804,100,5,427
22814,100,5,427
22825,100,5,427
22835,100,5,426
22845,100,5,426
22855,100,5,426
22865,100,5,426
22875,100,5,426
22886,100,5,426
22896,100,5,426
22906,100,5,425
22916,100,5,425
22926,100,5,423
22936,100,5,423
22947,100,5,423
22957,75,5,422
22967,75,5,422
22977,75,5,422
22987,75,5,422
22998,75,5,422
23008,75,5,422
23018,75,5,422
23028,75,5,422
23038,100,5,421
23049,100,5,421
23059,100,5,421
23069,100,5,421
23079,100,5,421
23089,100,5,421
23099,100,5,421
23110,100,5,420
23120,100,5,420
23130,100,5,418
23140,100,5,418
23150,100,5,418
23160,100,5,417
23171,100,5,417
23181,100,5,417
23191,100,5,417
23201,100,5,417
23212,100,5,417
23222,100,5,417
23232,100,5,417
23242,75,5,416
23252,75,5,416
23262,75,5,416
23273,75,5,416
23283,75,5,416
23293,75,5,416
23303,100,5,415
23313,100,5,415
23323,100,5,413
23334,100,5,413
23344,100,5,413
23354,100,5,412
23364,100,5,412
23374,100,5,412
23384,100,5,412
23395,100,5,412
23405,100,5,412
23415,100,5,412
23425,100,5,412
23435,100,5,411
23445,100,5,411
23456,100,5,411
23466,100,5,411
23476,100,5,411
23486,100,5,411
23496,100,5,411
23507,75,5,410
23517,75,5,410
23528,100,5,408
23538,100,5,408
23551,100,5,408
23562,100,5,407
23573,100,5,407
23583,100,5,407
23594,100,5,407
23604,100,5,407
23614,100,5,407
23625,100,5,407
23635,100,5,406
23645,100,5,406
23655,100,5,406
23666,100,5,406
23677,100,5,406
23688,100,5,406
23699,100,5,406
23709,100,5,405
23719,100,5,405
23729,75,5,403
23739,75,5,403
23749,75,5,403
23759,100,5,402
23770,100,5,402
23781,100,5,402
23791,100,5,402
23802,100,5,402
23812,100,5,402
23822,100,5,402
23832,100,5,402
23842,100,5,401
23853,100,5,401
23863,100,5,401
23873,100,5,401
23884,100,5,401
23894,100,5,401
23904,100,5,400
23914,100,5,400
23924,100,5,398
23934,100,5,398
23944,100,5,398
23955,75,5,397
23965,75,5,397
23975,75,5,397
23985,75,5,397
23995,75,5,397
24005,75,5,397
24016,75,5,397
24027,75,5,397
24037,100,5,396
24047,100,5,396
24057,100,5,396
24067,100,5,396
24077,100,5,396
24088,100,5,396
24098,100,5,396
24108,100,5,395
24118,100,5,395
24128,100,5,393
24138,100,5,393
24148,100,5,393
24159,100,5,392
24169,100,5,392
24179,100,5,392
24189,100,5,392
24199,100,5,392
24209,100,5,392
24220,100,5,392
24230,100,5,392
24241,75,5,391
24252,75,5,391
24263,75,5,391
24277,75,5,391
24287,75,5,391
24298,75,5,391
24308,100,5,390
24320,100,5,390
24331,100,5,388
24341,100,5,388
24351,100,5,388
24362,100,5,387
24372,100,5,387
24382,100,5,387
24392,100,5,387
24402,100,5,387
24412,100,5,387
24423,100,5,387
24433,100,5,387
24443,100,5,386
24453,100,5,386
24463,100,5,386
24473,100,5,386
24484,100,5,386
24494,100,5,386
24504,75,5,385
24514,75,5,385
24524,75,5,383
24534,75,5,383
24544,75,5,383
24555,100,5,382
24565,100,5,382
24575,100,5,382
24585,100,5,382
24595,100,5,382
24605,100,5,382
24616,100,5,382
24626,100,5,382
24636,100,5,381
24646,100,5,381
24656,100,5,381
24666,100,5,381
24678,100,5,381
24690,100,5,381
24700,100,5,381
24711,100,5,380
24722,100,5,380
24732,100,5,378
24742,100,5,378
24755,75,5,377
24766,75,5,377
24778,75,5,377
24789,75,5,377
24799,75,5,377
24810,75,5,377
24820,75,5,377
24830,75,5,377
24840,100,5,376
24850,100,5,376
24860,100,5,376
24871,100,5,376
24881,100,5,376
24892,100,5,376
24902,100,5,376
24912,100,5,375
24922,100,5,375
24932,100,5,373
24942,100,5,373
24953,100,5,373
24963,100,5,372
24973,100,5,372
24983,100,5,372
24993,100,5,372
25003,100,5,372
25014,100,5,372
25024,100,5,372
25034,100,5,372
25044,75,5,371
25054,75,5,371
25064,75,5,371
25075,75,5,371
25085,75,5,371
25095,75,5,371
25105,75,5,371
25115,100,5,370
25125,75,5,368
25135,75,5,368
25146,75,5,368
25156,100,5,367
25166,100,5,367
25176,100,5,367
25186,100,5,367
25196,100,5,367
25207,100,5,367
25217,100,5,367
25227,100,5,367
25237,100,5,366
25247,100,5,366
25258,100,5,366
25268,100,5,366
25278,100,5,366
25288,100,5,366
25298,100,5,366
25308,75,5,365
25319,75,5,365
25329,100,5,363
25339,100,5,363
25349,100,5,363
25359,75,5,362
25370,75,5,362
25380,75,5,362
25390,75,5,362
25400,75,5,362
25410,75,5,362
25421,75,5,362
25431,75,5,362
25441,100,5,361
25451,100,5,361
25461,100,5,361
25471,100,5,361
25482,100,5,361
25492,100,5,361
25502,100,5,361
25513,100,5,360
25523,100,5,360
25533,100,5,358
25543,100,5,358
25553,100,5,358
25564,100,5,357
25574,100,5,357
25584,100,5,357
25594,100,5,357
25604,100,5,357
25614,100,5,357
25625,100,5,357
25635,100,5,357
25645,75,5,356
25655,75,5,356
25665,75,5,356
25676,75,5,356
25686,75,5,356
25696,75,5,356
25706,75,5,356
25716,100,5,355
25726,100,5,353
25737,100,5,353
25747,100,5,353
25757,100,5,352
25767,100,5,352
25777,100,5,352
25787,100,5,352
25798,100,5,352
25808,100,5,352
25818,100,5,352
25828,100,5,352
25838,100,5,351
25848,100,5,351
25859,100,5,351
25869,100,5,351
25879,100,5,351
25889,100,5,351
25899,100,5,351
25910,75,5,350
25920,75,5,350
25930,100,5,348
25940,100,5,348
25950,100,5,348
25961,100,5,347
25971,100,5,347
25981,100,5,347
25991,100,5,347
26001,100,5,347
26011,100,5,347
26021,100,5,347
26032,100,5,347
26042,100,5,346
26052,100,5,346
26062,100,5,346
26072,100,5,346
26083,100,5,346
26093,100,5,346
26103,100,5,346
26113,100,5,345
26123,100,5,345
26133,75,5,343
26144,75,5,343
26154,75,5,343
26164,100,5,342
26174,100,5,342
26184,100,5,342
26195,100,5,342
26205,100,5,342
26215,100,5,342
26225,100,5,342
26235,100,5,342
26245,100,5,341
26256,100,5,341
26266,100,5,341
26276,100,5,341
26286,100,5,341
26296,100,5,341
26306,100,5,341
26317,100,5,340
26327,100,5,338
26337,100,5,338
26353,100,5,338
26364,75,5,337
26374,75,5,337
26385,75,5,337
26396,75,5,337
26409,75,5,337
26420,75,5,337
26430,75,5,337
26440,100,5,336
26450,100,5,336
26461,100,5,336
26471,100,5,336
26481,100,5,336
26491,100,5,336
26501,100,5,336
26511,100,5,335
26522,100,5,335
26532,100,5,333
26542,100,5,333
26552,100,5,333
26562,100,5,332
26573,100,5,332
26583,100,5,332
26593,100,5,332
26603,100,5,332
26614,100,5,332
26624,100,5,332
26634,100,5,332
26644,75,5,331
26654,75,5,331
26664,75,5,331
26675,75,5,331
26685,75,5,331
26695,75,5,331
26705,75,5,331
26715,100,5,330
26725,100,5,330
26735,100,5,328
26746,100,5,328
26756,100,5,328
26766,100,5,327
26776,100,5,327
26788,100,5,327
26798,100,5,327
26808,100,5,327
26818,100,5,327
26837,100,5,327
26848,100,5,326
26858,100,5,326
26868,100,5,326
26878,100,5,326
26888,100,5,326
26899,100,5,326
26909,75,5,325
26919,75,5,325
26929,100,5,323
26939,100,5,323
26949,100,5,323
26959,100,5,322
26970,100,5,322
26980,100,5,322
26990,100,5,322
27000,100,5,322
27010,100,5,322
27020,100,5,322
27030,100,5,322
27041,100,5,322
27051,100,5,321
27061,100,5,321
27071,100,5,321
27082,100,5,321
27092,100,5,321
27102,100,5,321
27112,100,5,320
27122,100,5,320
27133,75,5,318
27143,75,5,318
27153,75,5,318
27163,100,5,317
27173,100,5,317
27183,100,5,317
27194,100,5,317
27204,100,5,317
27214,100,5,317
27224,100,5,317
27234,100,5,317
27245,100,5,316
27255,100,5,316
27265,100,5,316
27275,100,5,316
27285,100,5,316
27295,100,5,316
27306,100,5,316
27316,100,5,315
27326,100,5,315
27336,100,5,313
27346,100,5,313
27356,100,5,313
27367,75,5,312
27377,75,5,312
27387,75,5,312
27397,75,5,312
27407,75,5,312
27418,75,5,312
27428,75,5,312
27438,75,5,312
27448,100,5,311
27458,100,5,311
27468,100,5,311
27479,100,5,311
27489,100,5,311
27499,100,5,311
27509,100,5,310
27519,100,5,310
27530,100,5,308
27540,100,5,308
27550,100,5,308
27560,100,5,307
27570,100,5,307
27580,100,5,307
27591,100,5,307
27601,100,5,307
27611,100,5,307
27621,100,5,307
27631,100,5,307
27641,65,4,307
27652,75,5,306
27662,75,5,306
27672,75,5,306
27682,75,5,306
27692,75,5,306
27703,75,5,306
27713,100,5,305
27723,100,5,305
27733,100,5,303
27743,100,5,303
27754,100,5,303
27764,100,5,302
27774,100,5,302
27784,100,5,302
27794,100,5,302
27805,100,5,302
27815,100,5,302
27825,100,5,302
27835,100,5,302
27845,100,5,301
27856,100,5,301
27866,100,5,301
27876,100,5,301
27886,100,5,301
27896,100,5,301
27907,100,5,301
27917,75,5,300
27927,100,5,298
27937,100,5,298
27947,100,5,298
27957,100,5,298
27968,100,5,297
27978,100,5,297
27988,100,5,297
27998,100,5,297
28008,100,5,297
28018,100,5,297
28029,100,5,297
28039,100,5,297
28049,100,5,296
28059,100,5,296
28069,100,5,296
28079,100,5,296
28090,100,5,296
28100,100,5,296
28110,100,5,295
28120,100,5,295
28130,75,5,293
28140,75,5,293
28151,75,5,293
28161,100,5,292
28171,100,5,292
28181,100,5,292
28191,100,5,292
28202,100,5,292
28212,100,5,292
28222,100,5,292
28232,100,5,292
28242,100,5,291
28252,100,5,291
28263,100,5,291
28273,100,5,291
28283,100,5,291
28293,100,5,291
28303,100,5,291
28314,100,5,290
28324,100,5,290
28334,100,5,288
28344,100,5,288
28354,100,5,288
28365,75,5,287
28375,75,5,287
28385,75,5,287
28395,75,5,287
28405,75,5,287
28415,75,5,287
28426,75,5,287
28436,75,5,287
28447,100,5,286
28457,100,5,286
28469,100,5,286
28481,100,5,286
28491,100,5,286
28502,100,5,286
28512,100,5,285
28522,100,5,285
28533,75,5,283
28543,75,5,283
28553,75,5,283
28563,100,5,282
28573,100,5,282
28583,100,5,282
28594,100,5,282
28604,100,5,282
28614,100,5,282
28624,100,5,282
28634,100,5,282
28645,75,5,281
28655,75,5,281
28666,75,5,281
28676,75,5,281
28686,75,5,281
28697,75,5,281
28707,75,5,281
28717,100,5,280
28727,100,5,280
28738,100,5,278
28750,100,5,278
28760,75,5,277
28770,75,5,277
28781,75,5,277
28791,75,5,277
28801,75,5,277
28812,75,5,277
28822,75,5,277
28832,75,5,277
28842,75,5,277
28853,100,5,276
28868,100,5,276
28880,100,5,276
28890,100,5,276
28902,100,5,276
28913,75,5,275
28923,75,5,275
28933,100,5,273
28944,100,5,273
28954,100,5,273
28964,100,5,272
28974,100,5,272
28984,100,5,272
28995,100,5,272
29005,100,5,272
29015,100,5,272
29025,100,5,272
29035,100,5,272
29045,75,5,271
29056,75,5,271
29066,75,5,271
29076,75,5,271
29086,75,5,271
29096,75,5,271
29106,75,5,271
29117,100,5,270
29127,100,5,270
29137,95,7,266
29147,95,7,266
29157,95,7,266
29167,95,7,265
29178,95,7,265
29188,95,7,265
29198,95,7,265
29208,95,7,265
29218,95,7,265
29229,95,7,265
29239,95,7,265
29249,95,7,264
29259,95,7,264
29269,95,7,264
29280,95,7,264
29290,95,7,264
29300,95,7,264
29310,95,7,264
29320,95,7,263
29330,95,7,259
29341,95,7,259
29351,95,7,259
29361,95,7,258
29371,95,7,258
29381,95,7,258
29392,95,7,258
29402,95,7,258
29412,95,7,258
29422,95,7,258
29432,95,7,258
29442,95,7,258
29453,95,7,257
29463,95,7,257
29473,95,7,257
29483,95,7,257
29493,95,7,257
29503,95,7,257
29514,95,7,256
29524,95,7,256
29534,95,7,252
29544,95,7,252
29554,95,7,252
29564,95,7,251
29575,95,7,251
29585,95,7,251
29595,95,7,251
29605,95,7,251
29615,95,7,251
29625,95,7,251
29636,95,7,251
29646,95,7,250
29656,95,7,250
29666,95,7,250
29676,95,7,250
29687,95,7,250
29697,95,7,250
29707,95,7,250
29717,95,7,249
29728,95,7,249
29738,95,7,245
29748,95,7,245
29758,95,7,245
29768,95,7,244
29779,95,7,244
29789,95,7,244
29799,95,7,244
29809,95,7,244
29820,95,7,244
29830,95,7,244
29840,95,7,244
29850,95,7,243
29860,95,7,243
29870,95,7,243
29882,95,7,243
29893,95,7,243
29903,95,7,243
29913,95,7,242
29923,95,7,242
29933,95,7,238
29944,95,7,238
29954,95,7,238
29964,95,7,237
29974,95,7,237
29984,95,7,237
29995,95,7,237
30005,95,7,237
30015,95,7,237
30025,95,7,237
30035,95,7,237
30045,95,7,236
30055,95,7,236
30066,95,7,236
30076,95,7,236
30086,95,7,236
30096,95,7,236
30106,95,7,236
30116,95,7,235
30127,95,7,235
30137,95,7,231
30147,95,7,231
30157,95,7,231
30167,95,7,230
30177,95,7,230
30188,95,7,230
30199,95,7,230
30209,95,7,230
30219,95,7,230
30229,95,7,230
30239,95,7,230
30250,95,7,229
30260,95,7,229
30270,95,7,229
30281,95,7,229
30291,95,7,229
30301,95,7,229
30311,95,7,228
30321,95,7,228
30331,95,7,224
30341,95,7,224
30352,95,7,224
30362,95,7,223
30372,95,7,223
30382,95,7,223
30392,95,7,223
30402,95,7,223
30413,95,7,223
30423,95,7,223
30433,95,7,223
30443,95,7,223
30453,95,7,222
30464,95,7,222
30474,95,7,222
30484,95,7,222
30494,95,7,222
30507,95,7,222
30517,95,7,221
30528,95,7,221
30538,95,7,217
30549,95,7,217
30559,95,7,217
30571,95,7,216
30581,95,7,216
30591,95,7,216
30601,95,7,216
30611,95,7,216
30622,95,7,216
30632,95,7,216
30642,95,7,216
30652,95,7,215
30662,95,7,215
30673,95,7,215
30683,95,7,215
30693,95,7,215
30703,95,7,215
30713,95,7,214
30723,95,7,214
30734,95,7,210
30744,95,7,210
30754,95,7,210
30764,95,7,209
30774,95,7,209
30785,95,7,209
30795,95,7,209
30805,95,7,209
30815,95,7,209
30825,95,7,209
30835,95,7,209
30846,95,7,208
30856,95,7,208
30866,95,7,208
30876,95,7,208
30887,95,7,208
30897,95,7,208
30907,95,7,208
30917,95,7,207
30928,95,7,207
30941,95,7,203
30951,95,7,203
30961,85,6,203
30971,95,7,202
30982,95,7,202
30996,95,7,202
31006,95,7,202
31017,95,7,202
31027,95,7,202
31037,95,7,202
31047,95,7,201
31057,95,7,201
31067,95,7,201
31078,95,7,201
31088,95,7,201
31098,95,7,201
31108,95,7,201
31118,95,7,200
31128,95,7,200
31139,95,7,196
31149,95,7,196
31159,95,7,196
31169,95,7,195
31179,95,7,195
31189,95,7,195
31200,95,7,195
31210,95,7,195
31220,95,7,195
31230,95,7,195
31240,95,7,195
31250,95,7,194
31260,95,7,194
31271,95,7,194
31281,95,7,194
31291,95,7,194
31301,95,7,194
31311,95,7,194
31321,95,7,193
31332,95,7,189
31342,95,7,189
31352,95,7,189
31362,95,7,188
31372,95,7,188
31383,95,7,188
31393,95,7,188
31403,95,7,188
31413,95,7,188
31423,95,7,188
31433,95,7,188
31444,95,7,188
31454,95,7,187
31464,95,7,187
31474,95,7,187
31485,95,7,187
31495,95,7,187
31505,95,7,187
31515,95,7,186
31525,95,7,186
31535,95,7,182
31546,95,7,182
31556,95,7,182
31566,95,7,181
31576,95,7,181
31586,95,7,181
31596,95,7,181
31607,95,7,181
31617,95,7,181
31627,95,7,181
31637,95,7,181
31647,95,7,180
31657,95,7,180
31668,95,7,180
31678,95,7,180
31688,95,7,180
31698,95,7,180
31708,95,7,180
31718,95,7,179
31728,95,7,179
31739,95,7,175
31749,95,7,175
31759,95,7,175
31769,95,7,174
31779,95,7,174
31789,95,7,174
31799,95,7,174
31810,95,7,174
31820,95,7,174
31830,95,7,174
31840,95,7,174
31850,95,7,173
31860,95,7,173
31871,95,7,173
31881,95,7,173
31891,95,7,173
31901,95,7,173
31911,95,7,173
31921,95,7,172
31931,95,7,168
31942,95,7,168
31952,95,7,168
31962,95,7,168
31972,95,7,167
31982,95,7,167
31992,95,7,167
32003,95,7,167
32013,95,7,167
32023,95,7,167
32033,95,7,167
32043,95,7,167
32053,95,7,166
32063,95,7,166
32074,95,7,166
32084,95,7,166
32094,95,7,166
32104,95,7,166
32114,95,7,165
32124,95,7,165
32135,95,7,161
32145,95,7,161
32155,95,7,161
32165,95,7,160
32175,95,7,160
32185,95,7,160
32196,95,7,160
32206,95,7,160
32216,95,7,160
32226,95,7,160
32236,95,7,160
32246,95,7,159
32257,95,7,159
32267,95,7,159
32277,95,7,159
32287,95,7,159
32298,95,7,159
32308,95,7,159
32318,95,7,158
32328,95,7,158
32338,95,7,154
32348,95,7,154
32359,95,7,154
32369,95,7,153
32379,95,7,153
32389,95,7,153
32399,95,7,153
32409,95,7,153
32420,95,7,153
32430,95,7,153
32440,95,7,153
32450,95,7,152
32460,95,7,152
32471,95,7,152
32481,95,7,152
32491,95,7,152
32501,95,7,152
32511,95,7,152
32521,95,7,151
32532,95,7,147
32542,95,7,147
32552,95,7,147
32562,95,7,147
32573,95,7,146
32583,95,7,146
32594,95,7,146
32604,95,7,146
32614,95,7,146
32625,95,7,146
32635,95,7,146
32646,95,7,145
32656,95,7,145
32666,95,7,145
32676,95,7,145
32687,95,7,145
32697,95,7,145
32707,95,7,145
32717,95,7,144
32727,95,7,144
32737,95,7,140
32748,95,7,140
32758,95,7,140
32768,95,7,139
32778,95,7,139
32788,95,7,139
32799,95,7,139
32809,95,7,139
32819,95,7,139
32829,95,7,139
32839,95,7,139
32849,95,7,138
32860,95,7,138
32870,95,7,138
32880,95,7,138
32891,95,7,138
32902,95,7,138
32912,95,7,138
32922,95,7,137
32932,95,7,133
32943,95,7,133
32953,95,7,133
32963,95,7,133
32973,95,7,132
32983,95,7,132
32993,95,7,132
33004,95,7,132
33014,95,7,132
33024,95,7,132
33036,95,7,132
33046,95,7,131
33058,95,7,131
33069,95,7,131
33080,95,7,131
33091,95,7,131
33101,95,7,131
33111,95,7,131
33121,95,7,130
33131,95,7,126
33141,95,7,126
33151,95,7,126
33162,95,7,126
33172,95,7,125
33182,95,7,125
33192,95,7,125
33202,95,7,125
33212,95,7,125
33223,95,7,125
33233,95,7,125
33243,95,7,125
33253,95,7,124
33263,95,7,124
33273,95,7,124
33284,95,7,124
33294,95,7,124
33304,95,7,124
33314,95,7,123
33324,95,7,123
33334,95,7,119
33345,95,7,119
33355,95,7,119
33365,95,7,118
33375,95,7,118
33385,95,7,118
33395,95,7,118
33406,95,7,118
33416,95,7,118
33426,95,7,118
33436,95,7,118
33447,95,7,117
33457,95,7,117
33467,95,7,117
33477,95,7,117
33487,95,7,117
33498,95,7,117
33508,95,7,117
33518,95,7,116
33528,95,7,116
33538,95,7,112
33548,95,7,112
33559,95,7,112
33569,95,7,111
33579,95,7,111
33589,95,7,111
33599,95,7,111
33609,95,7,111
33620,95,7,111
33630,95,7,111
33640,95,7,111
33650,95,7,110
33661,95,7,110
33671,95,7,110
33681,95,7,110
33691,95,7,110
33701,95,7,110
33711,95,7,110
33722,95,7,109
33732,95,7,105
33742,95,7,105
33752,95,7,105
33762,95,7,105
33772,95,7,104
33783,95,7,104
33793,95,7,104
33803,95,7,104
33813,95,7,104
33823,95,7,104
33833,95,7,104
33844,95,7,104
33854,95,7,103
33864,95,7,103
33874,95,7,103
33884,95,7,103
33895,95,7,103
33905,95,7,103
33915,95,7,102
33925,95,7,102
33935,95,7,98
33945,95,7,98
33956,95,7,98
33966,95,7,97
33976,95,7,97
33986,95,7,97
33996,95,7,97
34006,95,7,97
34016,95,7,97
34027,95,7,97
34037,95,7,97
34047,95,7,96
34057,95,7,96
34067,95,7,96
34077,95,7,96
34087,95,7,96
34098,95,7,96
34108,95,7,96
34118,95,7,95
34128,95,7,95
34138,95,7,91
34148,95,7,91
34158,95,7,91
34169,95,7,90
34179,95,7,90
34189,95,7,90
34199,95,7,90
34209,95,7,90
34219,95,7,90
34230,95,7,90
34240,95,7,90
34250,95,7,89
34260,95,7,89
34270,95,7,89
34280,95,7,89
34291,95,7,89
34301,95,7,89
34311,95,7,89
34321,95,7,88
34331,95,7,88
34341,95,7,84
34352,95,7,84
34362,95,7,84
34372,95,7,83
34382,95,7,83
34392,95,7,83
34402,95,7,83
34413,95,7,83
34423,95,7,83
34433,95,7,83
34443,95,7,83
34453,95,7,82
34464,95,7,82
34476,95,7,82
34486,95,7,82
34509,95,7,82
34520,95,7,81
34530,95,7,81
34540,95,7,77
34550,95,7,77
34560,95,7,77
34571,95,7,76
34581,95,7,76
34591,95,7,76
34601,95,7,76
34611,95,7,76
34621,95,7,76
34632,95,7,76
34642,95,7,76
34652,95,7,75
34662,95,7,75
34673,95,7,75
34683,95,7,75
34696,95,7,75
34706,95,7,75
34717,95,7,74
34728,95,7,74
34738,95,7,70
34748,95,7,70
34758,95,7,70
34768,95,7,70
34778,95,7,69
34788,95,7,69
34799,95,7,69
34809,95,7,69
34819,95,7,69
34829,95,7,69
34839,95,7,69
34849,95,7,69
34860,95,7,68
34870,95,7,68
34880,95,7,68
34890,95,7,68
34900,95,7,68
34911,95,7,68
34921,95,7,67
34931,95,7,67
34941,95,7,63
34951,95,7,63
34961,95,7,63
34972,95,7,62
34982,95,7,62
34992,95,7,62
35002,95,7,62
35012,95,7,62
35023,95,7,62
35033,95,7,62
35043,95,7,62
35053,95,7,61
35063,95,7,61
35073,95,7,61
35084,95,7,61
35097,95,7,61
35108,95,7,61
35119,95,7,60
35129,95,7,60
35141,95,7,56
35152,95,7,56
35162,95,7,56
35172,95,7,55
35182,95,7,55
35192,95,7,55
35203,95,7,55
35213,95,7,55
35223,95,7,55
35233,95,7,55
35244,95,7,55
35255,95,7,54
35265,95,7,54
35275,95,7,54
35285,95,7,54
35295,95,7,54
35306,95,7,54
35316,95,7,53
35326,95,7,53
35336,95,7,52
35346,95,7,49
35356,95,7,49
35367,95,7,49
35377,95,7,48
35387,95,7,48
35397,95,7,48
35407,95,7,48
35417,95,7,48
35428,95,7,48
35438,95,7,48
35448,95,7,48
35460,95,7,47
35470,95,7,47
35480,95,7,47
35491,95,7,47
35501,95,7,47
35511,95,7,47
35521,95,7,46
35531,95,7,46
35541,95,7,42
35552,95,7,42
35562,95,7,42
35572,95,7,41
35582,95,7,41
35592,95,7,41
35603,95,7,41
35613,95,7,41
35623,95,7,41
35633,95,7,41
35643,95,7,41
35654,95,7,41
35664,95,7,40
35674,95,7,40
35684,95,7,40
35694,95,7,40
35704,95,7,40
35714,95,7,40
35725,95,7,39
35735,95,7,38
35745,95,7,35
35755,95,7,35
35765,95,7,35
35776,95,7,34
35786,95,7,34
35796,95,7,34
35806,95,7,34
35816,95,7,34
35826,95,7,34
35837,95,7,34
35847,95,7,34
35857,95,7,33
35867,95,7,33
35877,95,7,33
35888,95,7,33
35898,95,7,33
35908,95,7,33
35918,95,7,32
35928,95,7,32
35939,95,7,28
35949,95,7,28
35959,95,7,28
35969,95,7,28
35979,95,7,27
35990,95,7,27
36000,95,7,27
36010,95,7,27
36020,95,7,27
36030,95,7,27
36041,95,7,27
36051,95,7,27
36061,95,7,26
36071,95,7,26
36081,95,7,26
36092,95,7,26
36102,95,7,26
36112,95,7,26
36122,95,7,25
36132,95,7,25
36142,95,7,21
36153,95,7,21
36163,95,7,21
36173,95,7,20
36183,95,7,20
36193,95,7,20
36204,95,7,20
36214,95,7,20
36224,95,7,20
36234,95,7,20
36244,95,7,20
36255,95,7,20
36265,95,7,19
36275,95,7,19
36285,95,7,19
36295,95,7,19
36306,95,7,19
36316,95,7,19
36326,95,7,18
36336,95,7,17
36346,95,7,14
36356,95,7,14
36367,95,7,14
36377,95,7,13
36387,95,7,13
36397,95,7,13
36407,95,7,13
36417,95,7,13
36428,95,7,13
36438,95,7,13
36448,95,7,13
36458,95,7,12
36470,95,7,12
36480,95,7,12
36491,95,7,12
36501,95,7,12
36511,95,7,12
36521,95,7,11
36531,95,7,11
36542,95,7,7
36552,95,7,7
36562,95,7,7
36572,95,7,6
36582,95,7,6
36592,95,7,6
36602,95,7,6
36613,95,7,6
36623,95,7,6
36633,95,7,6
36643,95,7,6
36653,95,7,6
36663,95,7,5
36674,95,7,5
36684,95,7,5
36694,95,7,5
36704,95,7,5
36714,95,7,5
36728,95,7,4
36741,95,7,3
36755,95,7,0
36768,95,7,0
36778,95,7,0
36789,95,7,0
36799,95,7,0
36811,95,7,0
36821,95,7,0
36831,95,7,0
36842,95,7,0
36852,95,7,0
36862,85,6,0
36872,85,6,0
36883,85,6,0
36894,85,6,0
36904,85,6,0
36914,85,6,0
36924,50,5,0
36934,50,5,0
36944,10,1,0
36954,10,1,0
36965,10,1,0
